-- MariaDB dump 10.17  Distrib 10.4.15-MariaDB, for Linux (x86_64)
--
-- Host: mysql.hostinger.ro    Database: u574849695_24
-- ------------------------------------------------------
-- Server version	10.4.15-MariaDB-cll-lve

/*!40101 SET @OLD_CHARACTER_SET_CLIENT=@@CHARACTER_SET_CLIENT */;
/*!40101 SET @OLD_CHARACTER_SET_RESULTS=@@CHARACTER_SET_RESULTS */;
/*!40101 SET @OLD_COLLATION_CONNECTION=@@COLLATION_CONNECTION */;
/*!40101 SET NAMES utf8mb4 */;
/*!40103 SET @OLD_TIME_ZONE=@@TIME_ZONE */;
/*!40103 SET TIME_ZONE='+00:00' */;
/*!40014 SET @OLD_UNIQUE_CHECKS=@@UNIQUE_CHECKS, UNIQUE_CHECKS=0 */;
/*!40014 SET @OLD_FOREIGN_KEY_CHECKS=@@FOREIGN_KEY_CHECKS, FOREIGN_KEY_CHECKS=0 */;
/*!40101 SET @OLD_SQL_MODE=@@SQL_MODE, SQL_MODE='NO_AUTO_VALUE_ON_ZERO' */;
/*!40111 SET @OLD_SQL_NOTES=@@SQL_NOTES, SQL_NOTES=0 */;

--
-- Table structure for table `accounts`
--

DROP TABLE IF EXISTS `accounts`;
/*!40101 SET @saved_cs_client     = @@character_set_client */;
/*!40101 SET character_set_client = utf8 */;
CREATE TABLE `accounts` (
  `id` bigint(20) unsigned NOT NULL AUTO_INCREMENT,
  `user_id` bigint(20) unsigned NOT NULL,
  `total` decimal(10,2) DEFAULT NULL COMMENT '????',
  `created_at` datetime DEFAULT current_timestamp(),
  `updated_at` datetime DEFAULT current_timestamp() ON UPDATE current_timestamp(),
  UNIQUE KEY `id` (`id`),
  KEY `user_id` (`user_id`),
  CONSTRAINT `accounts_ibfk_1` FOREIGN KEY (`user_id`) REFERENCES `users` (`id`)
) ENGINE=InnoDB AUTO_INCREMENT=101 DEFAULT CHARSET=utf8mb4 COLLATE=utf8mb4_unicode_ci COMMENT='????? ????????????? ? ???????? ????????';
/*!40101 SET character_set_client = @saved_cs_client */;

--
-- Dumping data for table `accounts`
--

LOCK TABLES `accounts` WRITE;
/*!40000 ALTER TABLE `accounts` DISABLE KEYS */;
INSERT INTO `accounts` VALUES (1,1,44708.00,'2005-06-02 09:25:14','2004-06-19 01:06:17'),(2,2,835269.00,'1992-02-22 22:38:31','1978-05-04 15:38:52'),(3,3,342647.00,'1995-03-09 20:40:39','1981-08-17 02:20:52'),(4,4,935143.00,'1997-06-17 13:52:49','1988-07-06 07:08:50'),(5,5,858383.00,'1976-10-21 15:16:56','1999-03-30 12:46:45'),(6,6,31386.00,'1980-06-06 01:12:20','1988-12-16 22:24:26'),(7,7,656688.00,'2019-12-31 14:08:14','1997-08-22 06:37:51'),(8,8,967839.00,'2012-12-15 19:27:26','2002-01-02 04:58:19'),(9,9,28646.00,'1999-07-24 05:33:06','1990-06-09 05:01:17'),(10,10,380937.00,'1999-04-12 22:37:03','2004-09-11 12:33:52'),(11,11,227233.00,'1998-06-20 06:14:35','2010-06-25 03:34:34'),(12,12,387255.00,'2002-12-17 12:17:41','1992-07-14 05:23:57'),(13,13,618397.00,'1991-03-24 11:00:53','2011-03-14 03:32:53'),(14,14,30962.00,'1996-12-29 23:31:48','1978-11-30 23:31:05'),(15,15,728750.00,'1987-06-02 17:32:13','1980-07-31 19:10:49'),(16,16,894631.00,'1979-10-01 11:36:44','1992-11-16 22:31:17'),(17,17,250625.00,'1992-04-15 11:04:47','1996-05-20 00:22:53'),(18,18,29602.00,'2018-07-25 00:38:30','1997-11-01 03:07:56'),(19,19,301827.00,'1986-09-18 23:18:32','2011-10-31 17:09:30'),(20,20,837213.00,'2011-01-10 18:31:17','2015-05-10 10:34:32'),(21,21,10693.00,'1981-12-10 18:35:23','2005-05-04 14:58:24'),(22,22,658621.00,'1987-12-12 01:32:07','2009-07-03 03:10:33'),(23,23,314431.00,'1985-10-13 12:12:28','2014-12-02 23:05:28'),(24,24,653085.00,'1973-04-09 16:06:29','1994-04-07 12:03:26'),(25,25,568587.00,'2003-04-11 06:21:40','2003-07-18 12:16:57'),(26,26,141473.00,'2021-03-29 00:56:06','2009-03-16 20:13:02'),(27,27,416369.00,'2003-05-26 08:27:56','2013-02-10 20:57:10'),(28,28,716829.00,'1990-02-20 06:29:54','1971-01-30 09:57:21'),(29,29,243806.00,'1976-09-15 04:09:04','1974-04-30 09:10:24'),(30,30,305915.00,'1982-05-29 19:36:09','1982-08-29 21:33:42'),(31,31,891679.00,'1973-12-25 01:58:27','1984-03-06 06:09:22'),(32,32,611149.00,'2015-07-12 20:37:26','1990-10-15 19:23:08'),(33,33,838563.00,'2003-04-27 03:53:07','1986-11-14 15:17:12'),(34,34,805597.00,'1971-05-29 06:48:53','1997-11-02 17:51:54'),(35,35,826798.00,'1991-03-04 22:12:19','2019-01-07 23:53:13'),(36,36,191311.00,'1987-02-06 20:46:34','1996-02-10 17:04:53'),(37,37,209109.00,'1991-02-23 21:59:34','1975-09-07 13:51:42'),(38,38,874234.00,'1996-10-22 01:07:25','2005-07-24 20:33:00'),(39,39,104909.00,'1976-08-22 05:22:27','1980-01-04 21:04:17'),(40,40,898653.00,'1974-04-13 06:58:13','2012-08-27 04:53:31'),(41,41,166419.00,'2020-01-25 06:53:13','1975-12-22 19:14:01'),(42,42,872390.00,'1978-07-05 07:07:06','2017-06-17 15:58:56'),(43,43,790577.00,'2014-04-10 16:21:42','1979-09-04 12:55:53'),(44,44,175878.00,'1971-01-15 15:46:30','2015-02-13 23:51:41'),(45,45,523364.00,'2002-04-28 15:01:38','2014-08-12 17:00:30'),(46,46,898456.00,'1978-03-15 00:09:41','2006-08-29 19:40:14'),(47,47,512578.00,'1994-07-27 02:00:49','2012-06-10 00:47:46'),(48,48,304856.00,'1972-01-12 21:53:36','1992-04-23 22:31:39'),(49,49,930717.00,'2011-05-18 22:49:35','2003-01-03 16:21:46'),(50,50,79567.00,'1997-03-12 18:13:53','2014-03-03 13:12:27'),(51,51,880739.00,'1973-03-01 04:28:05','2013-07-20 16:53:45'),(52,52,84855.00,'1996-06-09 15:58:25','1994-03-03 11:49:51'),(53,53,904175.00,'2008-07-10 11:54:50','1986-08-10 03:30:56'),(54,54,714088.00,'1985-10-09 03:10:20','1971-06-10 21:29:46'),(55,55,26307.00,'2018-05-17 19:31:30','2013-05-25 15:17:48'),(56,56,335756.00,'2009-08-15 18:18:14','1972-09-12 01:11:35'),(57,57,62276.00,'1972-08-22 12:14:23','1998-11-10 01:00:30'),(58,58,259905.00,'2011-01-26 02:27:56','1994-01-31 22:27:51'),(59,59,636654.00,'1997-11-09 18:44:51','1979-06-22 20:49:55'),(60,60,108700.00,'2001-10-08 01:50:51','2018-04-08 02:16:48'),(61,61,451087.00,'1984-05-31 02:59:15','1982-04-27 02:19:26'),(62,62,929722.00,'1989-04-06 12:13:58','1983-04-24 16:48:22'),(63,63,252818.00,'2013-11-09 21:07:54','1991-02-22 11:36:48'),(64,64,277924.00,'1981-07-16 09:27:59','2001-09-09 21:39:06'),(65,65,850559.00,'1984-06-28 02:42:57','2006-06-02 12:45:18'),(66,66,685600.00,'1979-01-31 08:27:24','1986-07-31 14:52:47'),(67,67,951338.00,'1996-01-14 15:21:55','1998-08-26 03:18:58'),(68,68,491743.00,'1995-03-06 05:32:58','2007-05-27 20:29:09'),(69,69,192412.00,'2009-08-07 07:30:47','1984-07-19 09:45:07'),(70,70,892530.00,'1992-05-24 23:26:34','1976-09-28 23:19:25'),(71,71,966528.00,'1971-07-02 23:31:29','2007-08-19 06:19:16'),(72,72,52624.00,'1990-01-20 07:06:18','2015-12-20 00:49:48'),(73,73,402892.00,'2008-08-13 10:21:43','2019-09-23 09:48:32'),(74,74,664340.00,'1978-11-25 12:41:34','1978-03-26 19:48:48'),(75,75,785875.00,'1996-07-08 10:56:59','1993-07-28 09:53:29'),(76,76,67257.00,'1995-07-29 16:24:56','1988-02-08 01:51:11'),(77,77,894198.00,'1979-06-01 03:02:25','2003-09-24 23:18:00'),(78,78,774136.00,'2004-02-20 14:33:42','1971-09-28 23:09:57'),(79,79,410079.00,'1977-10-07 09:37:28','2004-02-16 03:24:06'),(80,80,776535.00,'2012-06-18 00:17:18','1993-03-31 04:57:25'),(81,81,605001.00,'1973-01-16 01:11:53','1983-07-12 18:20:29'),(82,82,219604.00,'2014-02-21 01:56:45','1996-02-09 06:31:30'),(83,83,350173.00,'1987-07-21 23:43:45','1970-07-28 07:14:17'),(84,84,989042.00,'2004-02-13 16:47:30','1997-11-16 02:40:36'),(85,85,210175.00,'2006-04-01 15:13:09','1998-04-29 19:44:25'),(86,86,604666.00,'1988-08-28 06:07:37','1976-04-21 05:15:57'),(87,87,396886.00,'1992-09-02 08:28:29','1982-03-30 12:49:28'),(88,88,98104.00,'1977-05-14 05:14:30','1986-12-02 01:59:02'),(89,89,355396.00,'2005-08-15 15:30:54','1990-08-11 02:45:26'),(90,90,797139.00,'1979-07-20 01:57:07','1995-05-11 10:08:00'),(91,91,764737.00,'2002-12-26 14:37:49','1986-06-24 00:36:58'),(92,92,685234.00,'1989-07-03 12:18:45','2004-06-01 19:03:32'),(93,93,373172.00,'1988-08-10 12:28:44','1989-01-15 04:44:26'),(94,94,261401.00,'1987-12-30 15:19:03','1972-02-10 01:21:30'),(95,95,206905.00,'2012-02-14 14:23:45','1985-03-23 18:53:38'),(96,96,645387.00,'1976-09-15 18:23:18','2004-11-27 00:57:56'),(97,97,742440.00,'2004-10-30 03:31:56','2000-06-24 12:40:19'),(98,98,122407.00,'1971-08-28 08:01:18','1988-03-22 21:26:02'),(99,99,795453.00,'2015-09-23 02:38:55','1989-09-20 20:42:37'),(100,100,262804.00,'2011-12-23 09:03:47','1991-08-05 22:04:35');
/*!40000 ALTER TABLE `accounts` ENABLE KEYS */;
UNLOCK TABLES;

--
-- Table structure for table `catalogs`
--

DROP TABLE IF EXISTS `catalogs`;
/*!40101 SET @saved_cs_client     = @@character_set_client */;
/*!40101 SET character_set_client = utf8 */;
CREATE TABLE `catalogs` (
  `id` bigint(20) unsigned NOT NULL AUTO_INCREMENT,
  `name` varchar(255) COLLATE utf8mb4_unicode_ci DEFAULT NULL COMMENT '???????? ???????',
  PRIMARY KEY (`id`),
  KEY `index_of_name_catalog` (`name`)
) ENGINE=InnoDB AUTO_INCREMENT=101 DEFAULT CHARSET=utf8mb4 COLLATE=utf8mb4_unicode_ci COMMENT='??????? ????????-????????';
/*!40101 SET character_set_client = @saved_cs_client */;

--
-- Dumping data for table `catalogs`
--

LOCK TABLES `catalogs` WRITE;
/*!40000 ALTER TABLE `catalogs` DISABLE KEYS */;
INSERT INTO `catalogs` VALUES (100,'accusamus'),(98,'alias'),(43,'architecto'),(33,'blanditiis'),(5,'consequatur'),(62,'consequuntur'),(37,'corporis'),(49,'corrupti'),(15,'cupiditate'),(81,'dolor'),(90,'dolores'),(17,'doloribus'),(95,'doloribus'),(29,'dolorum'),(30,'eligendi'),(63,'enim'),(27,'eos'),(46,'eos'),(23,'error'),(7,'est'),(9,'est'),(10,'est'),(21,'est'),(22,'est'),(40,'est'),(67,'est'),(84,'est'),(85,'est'),(87,'est'),(64,'et'),(70,'et'),(83,'et'),(86,'et'),(4,'eum'),(2,'excepturi'),(79,'exercitationem'),(60,'explicabo'),(61,'explicabo'),(14,'facere'),(50,'facilis'),(52,'fuga'),(82,'fuga'),(11,'harum'),(57,'id'),(94,'id'),(72,'illum'),(75,'in'),(24,'incidunt'),(80,'libero'),(92,'magnam'),(65,'maxime'),(76,'maxime'),(16,'minus'),(99,'molestiae'),(31,'nam'),(89,'nam'),(25,'nemo'),(69,'nemo'),(77,'nihil'),(73,'non'),(54,'nostrum'),(3,'omnis'),(97,'omnis'),(44,'perspiciatis'),(12,'porro'),(59,'praesentium'),(13,'provident'),(20,'provident'),(35,'provident'),(51,'quam'),(19,'qui'),(26,'qui'),(42,'qui'),(58,'qui'),(48,'quia'),(28,'quis'),(47,'repellat'),(53,'repellendus'),(18,'rerum'),(36,'rerum'),(38,'rerum'),(68,'rerum'),(78,'rerum'),(39,'sed'),(91,'sed'),(45,'sequi'),(1,'sint'),(66,'temporibus'),(71,'temporibus'),(88,'temporibus'),(32,'ut'),(41,'ut'),(96,'ut'),(6,'velit'),(8,'veniam'),(34,'veritatis'),(93,'veritatis'),(74,'vero'),(56,'vitae'),(55,'voluptas');
/*!40000 ALTER TABLE `catalogs` ENABLE KEYS */;
UNLOCK TABLES;

--
-- Table structure for table `city`
--

DROP TABLE IF EXISTS `city`;
/*!40101 SET @saved_cs_client     = @@character_set_client */;
/*!40101 SET character_set_client = utf8 */;
CREATE TABLE `city` (
  `id` bigint(20) unsigned NOT NULL AUTO_INCREMENT,
  `country_id` bigint(20) unsigned NOT NULL,
  `city_name` varchar(60) COLLATE utf8mb4_unicode_ci NOT NULL,
  PRIMARY KEY (`id`),
  KEY `country_id` (`country_id`),
  CONSTRAINT `city_ibfk_1` FOREIGN KEY (`country_id`) REFERENCES `country` (`id`)
) ENGINE=InnoDB AUTO_INCREMENT=501 DEFAULT CHARSET=utf8mb4 COLLATE=utf8mb4_unicode_ci COMMENT='??????';
/*!40101 SET character_set_client = @saved_cs_client */;

--
-- Dumping data for table `city`
--

LOCK TABLES `city` WRITE;
/*!40000 ALTER TABLE `city` DISABLE KEYS */;
INSERT INTO `city` VALUES (1,1,'Olafport'),(2,2,'Williamchester'),(3,3,'Lockmanchester'),(4,4,'West Elenoramouth'),(5,5,'New Quintonside'),(6,6,'Hesselshire'),(7,7,'Port Terrenceshire'),(8,8,'Raynormouth'),(9,9,'West Jerrellhaven'),(10,10,'Lake Georgettemouth'),(11,11,'South Jacey'),(12,12,'North Lester'),(13,13,'Assuntabury'),(14,14,'Lake Lonie'),(15,15,'East Gennaroville'),(16,16,'Lake Stuartshire'),(17,17,'Port Erickhaven'),(18,18,'East Daxbury'),(19,19,'Lake Jennings'),(20,20,'West Opheliabury'),(21,21,'East Gerdafurt'),(22,22,'East Arlie'),(23,23,'Hilllstad'),(24,24,'New Birdie'),(25,25,'Kohlermouth'),(26,26,'Nakiaport'),(27,27,'West Nash'),(28,28,'East Kole'),(29,29,'Port Nyaborough'),(30,30,'Port Zachery'),(31,31,'Abbottborough'),(32,32,'Champlinside'),(33,33,'Hassanfort'),(34,34,'New Erika'),(35,35,'New Elzaburgh'),(36,36,'Daishaport'),(37,37,'West Donnieborough'),(38,38,'Lake Cordiatown'),(39,39,'South Marion'),(40,40,'Swiftmouth'),(41,41,'Mooremouth'),(42,42,'Turnerville'),(43,43,'Hermannstad'),(44,44,'Hackettmouth'),(45,45,'Lake Zolafurt'),(46,46,'Lednermouth'),(47,47,'Schroederborough'),(48,48,'South Ashleefurt'),(49,49,'South Jonathanside'),(50,50,'Lake Michel'),(51,51,'East Jessside'),(52,52,'West Emmaleeburgh'),(53,53,'Durganborough'),(54,54,'West Fabianmouth'),(55,55,'West Blanche'),(56,56,'Lake Trevion'),(57,57,'South Jaquelin'),(58,58,'Valeriemouth'),(59,59,'West Chaddburgh'),(60,60,'East Kayli'),(61,61,'Lake General'),(62,62,'Katherynton'),(63,63,'Lake Alessandraberg'),(64,64,'Lake Connor'),(65,65,'Willmsview'),(66,66,'Rossieview'),(67,67,'East Javonview'),(68,68,'Gabriellaside'),(69,69,'New Corrinechester'),(70,70,'Klockoland'),(71,71,'Kraigfort'),(72,72,'Odellberg'),(73,73,'Caramouth'),(74,74,'Lake Gino'),(75,75,'Gradymouth'),(76,76,'Port Aronbury'),(77,77,'Lake Dominicbury'),(78,78,'South Osvaldo'),(79,79,'Lake Humberto'),(80,80,'Port Lonzo'),(81,81,'Ryleyburgh'),(82,82,'Morarport'),(83,83,'Rowenashire'),(84,84,'East Else'),(85,85,'New Gusport'),(86,86,'New Zora'),(87,87,'Gorczanyburgh'),(88,88,'West Magalifort'),(89,89,'New Sydniland'),(90,90,'Emmieville'),(91,91,'Kubport'),(92,92,'Lake Everardo'),(93,93,'Ratkechester'),(94,94,'South Chasehaven'),(95,95,'Blairshire'),(96,96,'Feeneybury'),(97,97,'Dachborough'),(98,98,'Howellberg'),(99,99,'Hoegerview'),(100,100,'Port Sydneechester'),(101,1,'Karleyshire'),(102,2,'New Breanna'),(103,3,'Lueilwitzville'),(104,4,'Schadenside'),(105,5,'South Sylvanport'),(106,6,'South Chrismouth'),(107,7,'South Casimir'),(108,8,'West Jaceport'),(109,9,'North Eastontown'),(110,10,'Mantechester'),(111,11,'Wunschbury'),(112,12,'Bryonport'),(113,13,'Lake Marshall'),(114,14,'Noemifort'),(115,15,'Port Gabrielle'),(116,16,'East Dessie'),(117,17,'New Albina'),(118,18,'Lake Jannieberg'),(119,19,'New Edville'),(120,20,'North Leon'),(121,21,'Torpside'),(122,22,'Lilaburgh'),(123,23,'Smithside'),(124,24,'Schneiderchester'),(125,25,'Marquardtmouth'),(126,26,'West Isaiasborough'),(127,27,'Port Mayraberg'),(128,28,'Port Tracey'),(129,29,'Flossiehaven'),(130,30,'Kennithfort'),(131,31,'East Greenborough'),(132,32,'Lake Morgan'),(133,33,'Keeblerchester'),(134,34,'South Ociemouth'),(135,35,'Bechtelarfort'),(136,36,'New Wayne'),(137,37,'Daughertyberg'),(138,38,'Eileenland'),(139,39,'Manleyfurt'),(140,40,'Dannyton'),(141,41,'East Harrisonmouth'),(142,42,'East Bert'),(143,43,'Jaronhaven'),(144,44,'West Karellemouth'),(145,45,'Mrazhaven'),(146,46,'West Ezequielmouth'),(147,47,'Williamsonview'),(148,48,'Lake Darronshire'),(149,49,'South Fredrickchester'),(150,50,'Metztown'),(151,51,'Bogantown'),(152,52,'Huelside'),(153,53,'Ezekielburgh'),(154,54,'West Rossside'),(155,55,'Port Ada'),(156,56,'West Harmonyside'),(157,57,'Angieberg'),(158,58,'North Nella'),(159,59,'Anthonyfurt'),(160,60,'East Bellville'),(161,61,'Stantonstad'),(162,62,'New Beryl'),(163,63,'Lake Meggie'),(164,64,'West Eden'),(165,65,'Stanfordshire'),(166,66,'Angustown'),(167,67,'North Edwinabury'),(168,68,'Henriborough'),(169,69,'New Aliashire'),(170,70,'Lake Duane'),(171,71,'Haroldbury'),(172,72,'Sipesstad'),(173,73,'Ashleemouth'),(174,74,'Lake Serena'),(175,75,'Rueckerberg'),(176,76,'Quigleyfurt'),(177,77,'West Daynaland'),(178,78,'Keyonfort'),(179,79,'Travistown'),(180,80,'North Davonmouth'),(181,81,'Port Eugenia'),(182,82,'Lake Estellafurt'),(183,83,'West Jerrodview'),(184,84,'East Agnes'),(185,85,'New Carlos'),(186,86,'Wilberstad'),(187,87,'Gibsonhaven'),(188,88,'Domenickside'),(189,89,'North Meaghanbury'),(190,90,'North Santina'),(191,91,'Asiamouth'),(192,92,'Port Ellis'),(193,93,'Brownville'),(194,94,'New Braden'),(195,95,'Eduardostad'),(196,96,'Port Cathryn'),(197,97,'East Johnathon'),(198,98,'Daronside'),(199,99,'Goodwinchester'),(200,100,'North Dewittport'),(201,1,'Yosthaven'),(202,2,'West Jett'),(203,3,'Crooksberg'),(204,4,'East Cleve'),(205,5,'Waldoside'),(206,6,'South Melody'),(207,7,'Gleasonland'),(208,8,'Queenland'),(209,9,'North Edwin'),(210,10,'North Madilynton'),(211,11,'Port Omaland'),(212,12,'South Brielle'),(213,13,'Sadiemouth'),(214,14,'Lake Annieview'),(215,15,'Cartermouth'),(216,16,'North Frederic'),(217,17,'New Abdielburgh'),(218,18,'New Viola'),(219,19,'Jaydonland'),(220,20,'West Flavie'),(221,21,'New Bransonland'),(222,22,'New Josianemouth'),(223,23,'Lindstad'),(224,24,'Mallieside'),(225,25,'South Lempi'),(226,26,'East Hershel'),(227,27,'Gildaside'),(228,28,'New Donavonmouth'),(229,29,'East Edwardotown'),(230,30,'Lake Sheldon'),(231,31,'Lake Sammieport'),(232,32,'East Zolaville'),(233,33,'Felipeland'),(234,34,'West Stephany'),(235,35,'Lebsacktown'),(236,36,'Baileyfurt'),(237,37,'Runolfsdottirton'),(238,38,'South Christopchester'),(239,39,'West Olaf'),(240,40,'Baileyside'),(241,41,'East Erna'),(242,42,'East Jordi'),(243,43,'West Jaylin'),(244,44,'New Margothaven'),(245,45,'West Kaley'),(246,46,'Welchchester'),(247,47,'Samantamouth'),(248,48,'Lake Christina'),(249,49,'South Victoria'),(250,50,'North Manuela'),(251,51,'New Louvenia'),(252,52,'Port Antwan'),(253,53,'Rebecaview'),(254,54,'Janabury'),(255,55,'New Jaiden'),(256,56,'Lake Conner'),(257,57,'Batzside'),(258,58,'Carolanneburgh'),(259,59,'New Jessiefurt'),(260,60,'Lake Brentside'),(261,61,'Prohaskafurt'),(262,62,'Schneiderstad'),(263,63,'Loyalview'),(264,64,'Johnston'),(265,65,'North Roslyn'),(266,66,'North Jerald'),(267,67,'Lake Murphyside'),(268,68,'Winfieldtown'),(269,69,'Port Wallace'),(270,70,'Lake Eldredmouth'),(271,71,'Flaviebury'),(272,72,'South Marachester'),(273,73,'Wisozkbury'),(274,74,'Julianatown'),(275,75,'Cummingstown'),(276,76,'Markuschester'),(277,77,'Hoppefort'),(278,78,'Betsymouth'),(279,79,'Sedrickhaven'),(280,80,'South Willis'),(281,81,'Alexyschester'),(282,82,'North Bobbyton'),(283,83,'Port Rileyborough'),(284,84,'West Caitlyn'),(285,85,'South Dwightchester'),(286,86,'Patsyfurt'),(287,87,'Robinview'),(288,88,'Grantville'),(289,89,'Schillerburgh'),(290,90,'Kozeyport'),(291,91,'East Eltaburgh'),(292,92,'North Mollieview'),(293,93,'Jimmychester'),(294,94,'Bauchfurt'),(295,95,'North Lexie'),(296,96,'Port Ena'),(297,97,'South Judestad'),(298,98,'Garfieldtown'),(299,99,'Dulceborough'),(300,100,'Port Tracyhaven'),(301,1,'Brendanmouth'),(302,2,'New Ethaview'),(303,3,'South Travonborough'),(304,4,'Port Nayeli'),(305,5,'South Annabelle'),(306,6,'Lake Velma'),(307,7,'South Zachariahville'),(308,8,'South Sydnibury'),(309,9,'East Jeromemouth'),(310,10,'Lake Adalberto'),(311,11,'East Clifford'),(312,12,'Murraybury'),(313,13,'Pacochaburgh'),(314,14,'South Alexandrea'),(315,15,'East Dolly'),(316,16,'East Montanaport'),(317,17,'Eloisaland'),(318,18,'Jimmychester'),(319,19,'New Delores'),(320,20,'Angelitaport'),(321,21,'Hahnfurt'),(322,22,'West Antoniachester'),(323,23,'New Jaquelinechester'),(324,24,'Binsbury'),(325,25,'Vincenzaside'),(326,26,'Napoleonmouth'),(327,27,'Hymanshire'),(328,28,'Elianetown'),(329,29,'Edgarmouth'),(330,30,'Port Hillardstad'),(331,31,'Cordiaside'),(332,32,'North Neal'),(333,33,'Goodwinborough'),(334,34,'New Kendall'),(335,35,'Nicolastown'),(336,36,'Raynorshire'),(337,37,'East Anna'),(338,38,'Port Candice'),(339,39,'South Brandynton'),(340,40,'Hodkiewiczborough'),(341,41,'Franeckiborough'),(342,42,'North Wilfredo'),(343,43,'Lake Corenehaven'),(344,44,'Metaburgh'),(345,45,'Halvorsonland'),(346,46,'Port Aliyahberg'),(347,47,'Barrowsberg'),(348,48,'East Kristopher'),(349,49,'Walkerville'),(350,50,'Herzogmouth'),(351,51,'New Felicitafurt'),(352,52,'Bellastad'),(353,53,'North Zoe'),(354,54,'Prohaskamouth'),(355,55,'Strackeport'),(356,56,'East Virginiechester'),(357,57,'South Jerald'),(358,58,'South Emory'),(359,59,'Elainaborough'),(360,60,'Kiehnside'),(361,61,'New Santiagoport'),(362,62,'South Gerardomouth'),(363,63,'Kovacekchester'),(364,64,'Ebertton'),(365,65,'South Janet'),(366,66,'Barryside'),(367,67,'Cesarborough'),(368,68,'Lake Stonestad'),(369,69,'West Greenberg'),(370,70,'Durganside'),(371,71,'Victorhaven'),(372,72,'Lake Shaniaberg'),(373,73,'New Macyshire'),(374,74,'East Doloresside'),(375,75,'West Derick'),(376,76,'Erdmanstad'),(377,77,'South Gerhard'),(378,78,'New Mina'),(379,79,'West Tomashaven'),(380,80,'Jeanieberg'),(381,81,'New Wilton'),(382,82,'Rolfsonside'),(383,83,'Lake Marianoburgh'),(384,84,'Boscomouth'),(385,85,'East Londonland'),(386,86,'Lake Gildaport'),(387,87,'Feesthaven'),(388,88,'Corwinbury'),(389,89,'East Craigshire'),(390,90,'Lake Angelville'),(391,91,'Fritschborough'),(392,92,'Dachbury'),(393,93,'North Elisa'),(394,94,'New Mia'),(395,95,'Kubchester'),(396,96,'North Caesar'),(397,97,'West Darleneville'),(398,98,'Lindgrenton'),(399,99,'Lefflerchester'),(400,100,'Eddietown'),(401,1,'West Conor'),(402,2,'Adanburgh'),(403,3,'Cummingston'),(404,4,'Thompsonland'),(405,5,'Beierchester'),(406,6,'Port Ewell'),(407,7,'East Kitty'),(408,8,'West Heberport'),(409,9,'Willmouth'),(410,10,'Kasandratown'),(411,11,'New Amaliahaven'),(412,12,'South Pat'),(413,13,'Libbiemouth'),(414,14,'South Mina'),(415,15,'Schambergerchester'),(416,16,'Americamouth'),(417,17,'Retaview'),(418,18,'North Josiahport'),(419,19,'Morarville'),(420,20,'New Edgardo'),(421,21,'West Darwinville'),(422,22,'New Dallin'),(423,23,'Russelbury'),(424,24,'South Annettemouth'),(425,25,'Kleinberg'),(426,26,'Lake Samson'),(427,27,'Lake Lyda'),(428,28,'Welchtown'),(429,29,'Durganfurt'),(430,30,'West Jamiebury'),(431,31,'Kubview'),(432,32,'New Flohaven'),(433,33,'Hectorland'),(434,34,'West Jacquesshire'),(435,35,'Susanaberg'),(436,36,'Coleborough'),(437,37,'Lake Ambrose'),(438,38,'East Davidburgh'),(439,39,'East Antoniotown'),(440,40,'Rosenbaumhaven'),(441,41,'North Aurelia'),(442,42,'Elianhaven'),(443,43,'Mayershire'),(444,44,'Ameliefort'),(445,45,'Port Porterside'),(446,46,'New Eula'),(447,47,'Port Fannyburgh'),(448,48,'Jefferyfort'),(449,49,'Bergnaumstad'),(450,50,'Lubowitzside'),(451,51,'Chelsieport'),(452,52,'East Rhoda'),(453,53,'Lake Keyonbury'),(454,54,'New Moniquestad'),(455,55,'Mosciskiland'),(456,56,'Lake Amaliabury'),(457,57,'Nicholeborough'),(458,58,'Bodeville'),(459,59,'Lake Waldoville'),(460,60,'New Polly'),(461,61,'Jameyburgh'),(462,62,'East Destinyberg'),(463,63,'South Baylee'),(464,64,'Kossside'),(465,65,'East Kirsten'),(466,66,'Mooremouth'),(467,67,'Lake Rylanmouth'),(468,68,'Doraside'),(469,69,'Angusfort'),(470,70,'Walkermouth'),(471,71,'Lubowitzchester'),(472,72,'North Joshua'),(473,73,'Crookshaven'),(474,74,'Kaleightown'),(475,75,'Lake Lisette'),(476,76,'Alexandrestad'),(477,77,'Nikolausborough'),(478,78,'Murazikburgh'),(479,79,'East Alberthastad'),(480,80,'East Camren'),(481,81,'West Doris'),(482,82,'Kuhnburgh'),(483,83,'Rathbury'),(484,84,'Hoppebury'),(485,85,'East Gastonfort'),(486,86,'South Jordanemouth'),(487,87,'Lake Clotilde'),(488,88,'Barrybury'),(489,89,'Hudsonchester'),(490,90,'Collinborough'),(491,91,'Kshlerinbury'),(492,92,'Jessikastad'),(493,93,'South Beau'),(494,94,'Port Ronaldobury'),(495,95,'Lake Leifberg'),(496,96,'Pinkside'),(497,97,'Bogisichshire'),(498,98,'Jaylenfort'),(499,99,'East Walker'),(500,100,'North Davonte');
/*!40000 ALTER TABLE `city` ENABLE KEYS */;
UNLOCK TABLES;

--
-- Table structure for table `country`
--

DROP TABLE IF EXISTS `country`;
/*!40101 SET @saved_cs_client     = @@character_set_client */;
/*!40101 SET character_set_client = utf8 */;
CREATE TABLE `country` (
  `id` bigint(20) unsigned NOT NULL AUTO_INCREMENT,
  `name` varchar(50) COLLATE utf8mb4_unicode_ci DEFAULT NULL,
  PRIMARY KEY (`id`)
) ENGINE=InnoDB AUTO_INCREMENT=101 DEFAULT CHARSET=utf8mb4 COLLATE=utf8mb4_unicode_ci COMMENT='??????';
/*!40101 SET character_set_client = @saved_cs_client */;

--
-- Dumping data for table `country`
--

LOCK TABLES `country` WRITE;
/*!40000 ALTER TABLE `country` DISABLE KEYS */;
INSERT INTO `country` VALUES (1,'Holy See (Vatican City State)'),(2,'Moldova'),(3,'Malta'),(4,'Guadeloupe'),(5,'Trinidad and Tobago'),(6,'Togo'),(7,'Germany'),(8,'Faroe Islands'),(9,'United States of America'),(10,'Azerbaijan'),(11,'Portugal'),(12,'Angola'),(13,'Greenland'),(14,'British Virgin Islands'),(15,'Niue'),(16,'Guinea'),(17,'Brazil'),(18,'Yemen'),(19,'Kazakhstan'),(20,'Kazakhstan'),(21,'Colombia'),(22,'Guyana'),(23,'Israel'),(24,'Sierra Leone'),(25,'Slovakia (Slovak Republic)'),(26,'Tanzania'),(27,'Venezuela'),(28,'Japan'),(29,'Mongolia'),(30,'Singapore'),(31,'Vietnam'),(32,'El Salvador'),(33,'Korea'),(34,'Algeria'),(35,'Netherlands Antilles'),(36,'Ghana'),(37,'Ethiopia'),(38,'Cyprus'),(39,'Barbados'),(40,'Saudi Arabia'),(41,'Vietnam'),(42,'Australia'),(43,'Reunion'),(44,'Canada'),(45,'Uganda'),(46,'Zimbabwe'),(47,'Tokelau'),(48,'Liberia'),(49,'Korea'),(50,'Saint Barthelemy'),(51,'Netherlands Antilles'),(52,'Gambia'),(53,'Holy See (Vatican City State)'),(54,'Luxembourg'),(55,'Saint Martin'),(56,'Martinique'),(57,'Austria'),(58,'Kenya'),(59,'Vanuatu'),(60,'Aruba'),(61,'Venezuela'),(62,'Comoros'),(63,'French Southern Territories'),(64,'Tuvalu'),(65,'Chile'),(66,'Azerbaijan'),(67,'Belize'),(68,'Fiji'),(69,'Madagascar'),(70,'Sweden'),(71,'Bahrain'),(72,'Nauru'),(73,'Malaysia'),(74,'British Virgin Islands'),(75,'Croatia'),(76,'Burundi'),(77,'Myanmar'),(78,'El Salvador'),(79,'Macao'),(80,'Lebanon'),(81,'Bahrain'),(82,'Barbados'),(83,'Slovakia (Slovak Republic)'),(84,'Marshall Islands'),(85,'Austria'),(86,'Aruba'),(87,'Singapore'),(88,'Luxembourg'),(89,'Belarus'),(90,'Nicaragua'),(91,'New Caledonia'),(92,'Maldives'),(93,'Andorra'),(94,'Belize'),(95,'Bolivia'),(96,'Guinea'),(97,'Bulgaria'),(98,'Zimbabwe'),(99,'Saint Barthelemy'),(100,'Solomon Islands');
/*!40000 ALTER TABLE `country` ENABLE KEYS */;
UNLOCK TABLES;

--
-- Table structure for table `delivery`
--

DROP TABLE IF EXISTS `delivery`;
/*!40101 SET @saved_cs_client     = @@character_set_client */;
/*!40101 SET character_set_client = utf8 */;
CREATE TABLE `delivery` (
  `id` bigint(20) unsigned NOT NULL AUTO_INCREMENT,
  `user_address_id` bigint(20) unsigned NOT NULL COMMENT '???????????? ????????',
  `orders_products_id` bigint(20) unsigned NOT NULL COMMENT '????? ?????? ????????????',
  `city_id` bigint(20) unsigned NOT NULL COMMENT '?????',
  `address_1` varchar(80) COLLATE utf8mb4_unicode_ci DEFAULT NULL COMMENT '???????? ?????',
  `address_2` varchar(80) COLLATE utf8mb4_unicode_ci DEFAULT NULL COMMENT '????? ???? ? ????????',
  `postal_code` varchar(15) COLLATE utf8mb4_unicode_ci DEFAULT NULL COMMENT '???????? ??????',
  `delivery_min` date DEFAULT NULL,
  `delivery_max` date DEFAULT NULL,
  `last_update` timestamp NOT NULL DEFAULT current_timestamp() ON UPDATE current_timestamp(),
  UNIQUE KEY `id` (`id`),
  KEY `user_address_id` (`user_address_id`),
  KEY `orders_products_id` (`orders_products_id`),
  KEY `idx_address_ad1_ad2_city` (`city_id`,`address_1`,`address_2`),
  CONSTRAINT `delivery_ibfk_1` FOREIGN KEY (`user_address_id`) REFERENCES `users` (`id`),
  CONSTRAINT `delivery_ibfk_2` FOREIGN KEY (`orders_products_id`) REFERENCES `orders_products` (`id`),
  CONSTRAINT `delivery_ibfk_3` FOREIGN KEY (`city_id`) REFERENCES `city` (`id`)
) ENGINE=InnoDB AUTO_INCREMENT=101 DEFAULT CHARSET=utf8mb4 COLLATE=utf8mb4_unicode_ci COMMENT='????????';
/*!40101 SET character_set_client = @saved_cs_client */;

--
-- Dumping data for table `delivery`
--

LOCK TABLES `delivery` WRITE;
/*!40000 ALTER TABLE `delivery` DISABLE KEYS */;
INSERT INTO `delivery` VALUES (1,1,1,1,NULL,NULL,'eboy','2015-11-27','1999-11-18','2004-03-25 06:11:15'),(2,2,2,2,NULL,NULL,'iyjw','1995-04-03','2009-07-25','1986-02-05 00:40:29'),(3,3,3,3,NULL,NULL,'dvcg','1994-02-06','1982-10-26','1973-08-15 01:36:46'),(4,4,4,4,NULL,NULL,'tdik','2011-01-20','1987-11-15','2011-05-12 12:57:51'),(5,5,5,5,NULL,NULL,'qvwn','1971-08-14','1975-11-06','1983-05-12 08:33:07'),(6,6,6,6,NULL,NULL,'qqdj','1979-01-20','1999-07-08','1998-03-02 01:54:10'),(7,7,7,7,NULL,NULL,'owwl','2011-06-14','1986-05-03','1978-01-07 21:14:52'),(8,8,8,8,NULL,NULL,'fklh','1999-10-22','1984-02-20','1983-01-03 23:03:54'),(9,9,9,9,NULL,NULL,'ulhx','2013-01-17','1970-01-16','2003-09-30 14:05:53'),(10,10,10,10,NULL,NULL,'vxzf','2014-11-15','1993-04-10','2015-05-02 08:06:35'),(11,11,11,11,NULL,NULL,'okuw','2003-07-08','1982-06-20','2020-08-16 11:34:02'),(12,12,12,12,NULL,NULL,'blyq','2017-05-31','1979-03-11','2002-03-07 10:45:03'),(13,13,13,13,NULL,NULL,'zqpe','1971-04-26','1973-01-04','1972-11-07 00:06:46'),(14,14,14,14,NULL,NULL,'msen','2021-01-04','1987-09-25','1994-07-14 03:08:18'),(15,15,15,15,NULL,NULL,'whxc','1985-06-27','1991-12-08','1990-11-03 18:10:31'),(16,16,16,16,NULL,NULL,'jmbc','2001-08-24','2015-10-18','1980-07-25 10:38:29'),(17,17,17,17,NULL,NULL,'iipc','1986-05-05','1981-04-10','1994-01-07 05:00:50'),(18,18,18,18,NULL,NULL,'tgxz','1971-07-12','1986-06-24','1975-04-16 22:41:04'),(19,19,19,19,NULL,NULL,'fdxg','2000-09-01','1975-07-10','1979-09-18 06:24:36'),(20,20,20,20,NULL,NULL,'vrri','1980-08-13','2018-02-22','2008-04-18 06:54:26'),(21,21,21,21,NULL,NULL,'stdm','1977-06-04','1988-07-03','1973-03-16 21:50:22'),(22,22,22,22,NULL,NULL,'orrd','1993-07-23','1973-02-05','1983-10-12 21:08:56'),(23,23,23,23,NULL,NULL,'abxh','2002-01-10','2019-04-08','1988-12-28 07:49:32'),(24,24,24,24,NULL,NULL,'uswm','1988-04-27','2006-01-21','1998-02-28 04:07:44'),(25,25,25,25,NULL,NULL,'xjpn','1988-09-27','1985-01-05','1996-11-10 23:07:31'),(26,26,26,26,NULL,NULL,'ydsd','2000-03-20','1992-09-09','1980-11-11 10:04:12'),(27,27,27,27,NULL,NULL,'ssds','1977-01-24','1970-12-16','1987-04-28 20:59:47'),(28,28,28,28,NULL,NULL,'rcfv','2017-12-15','1975-11-27','1989-10-12 09:14:19'),(29,29,29,29,NULL,NULL,'vzrj','1970-02-03','1994-10-01','1987-09-02 18:15:50'),(30,30,30,30,NULL,NULL,'hrxg','2004-10-31','1989-04-06','1991-05-10 00:30:52'),(31,31,31,31,NULL,NULL,'vgnf','1986-02-11','1992-07-25','1992-07-20 12:18:40'),(32,32,32,32,NULL,NULL,'uzup','1978-11-02','2015-08-06','1984-08-20 12:02:57'),(33,33,33,33,NULL,NULL,'genn','1982-11-22','1982-07-25','1983-06-26 21:39:48'),(34,34,34,34,NULL,NULL,'kssb','1992-01-09','1996-07-26','2000-09-16 04:32:06'),(35,35,35,35,NULL,NULL,'gbss','2002-09-06','2008-10-19','1982-02-19 21:39:34'),(36,36,36,36,NULL,NULL,'lmvz','1980-12-24','2019-06-26','2006-05-30 04:30:57'),(37,37,37,37,NULL,NULL,'jexf','1974-01-31','1986-03-17','2004-12-19 07:31:27'),(38,38,38,38,NULL,NULL,'vwyi','2015-12-26','2000-02-01','1974-07-24 06:34:03'),(39,39,39,39,NULL,NULL,'yufm','1992-03-15','2016-08-15','2015-11-08 17:46:42'),(40,40,40,40,NULL,NULL,'nwxu','1980-12-08','1991-03-15','1985-05-30 19:14:03'),(41,41,41,41,NULL,NULL,'hvkc','1972-02-11','2003-09-16','1975-07-11 19:39:44'),(42,42,42,42,NULL,NULL,'wbgc','2008-04-04','2020-11-15','1971-12-14 04:26:09'),(43,43,43,43,NULL,NULL,'mgqy','2001-05-30','2006-09-08','1993-03-24 11:50:25'),(44,44,44,44,NULL,NULL,'wuhr','1995-01-14','2009-05-16','1998-11-22 06:21:37'),(45,45,45,45,NULL,NULL,'psru','2006-12-10','2013-05-01','2004-09-12 11:57:54'),(46,46,46,46,NULL,NULL,'qbik','1998-08-22','1982-12-13','2006-09-03 01:02:17'),(47,47,47,47,NULL,NULL,'nufj','1989-10-22','2005-03-21','2013-01-24 19:34:29'),(48,48,48,48,NULL,NULL,'mnwo','1979-07-28','2016-06-13','2005-06-06 17:18:17'),(49,49,49,49,NULL,NULL,'qygr','2018-04-08','1970-05-25','1973-12-25 02:46:08'),(50,50,50,50,NULL,NULL,'qqqy','1985-03-07','2002-04-09','1989-07-31 08:17:57'),(51,51,51,51,NULL,NULL,'yjzk','1971-08-11','1986-06-10','2008-05-07 07:37:22'),(52,52,52,52,NULL,NULL,'towx','2010-11-19','2005-09-19','2006-03-12 03:35:25'),(53,53,53,53,NULL,NULL,'mgrm','1973-06-28','2008-12-02','1973-06-15 13:45:49'),(54,54,54,54,NULL,NULL,'jowo','1978-12-24','1990-05-04','1975-08-15 08:50:55'),(55,55,55,55,NULL,NULL,'tqcl','1995-04-26','1995-11-04','2006-10-23 10:21:25'),(56,56,56,56,NULL,NULL,'bgiu','2005-02-27','2006-11-06','1983-05-01 02:40:45'),(57,57,57,57,NULL,NULL,'ibbw','2016-09-13','1971-12-20','1986-12-04 08:16:17'),(58,58,58,58,NULL,NULL,'pzyi','2005-04-18','2005-08-05','1979-11-03 17:41:27'),(59,59,59,59,NULL,NULL,'eoly','2004-05-27','2004-03-13','1998-06-10 17:24:08'),(60,60,60,60,NULL,NULL,'kbhm','2012-04-26','2010-09-15','1972-01-13 21:07:39'),(61,61,61,61,NULL,NULL,'jful','2000-09-20','1978-04-06','2019-10-07 09:02:46'),(62,62,62,62,NULL,NULL,'ywxr','1985-03-15','1989-06-04','2000-10-05 06:03:16'),(63,63,63,63,NULL,NULL,'mqpj','1997-03-28','2014-04-14','2011-12-30 01:39:07'),(64,64,64,64,NULL,NULL,'afxq','2011-01-08','1989-10-22','2006-08-11 11:52:12'),(65,65,65,65,NULL,NULL,'twrg','2002-05-07','1993-01-21','1984-01-07 22:45:46'),(66,66,66,66,NULL,NULL,'qrmk','2010-04-07','2005-03-04','1986-07-26 01:21:41'),(67,67,67,67,NULL,NULL,'tvql','1987-04-15','1984-03-11','2003-07-19 14:05:33'),(68,68,68,68,NULL,NULL,'cdcx','1975-08-25','1997-03-17','2016-03-26 20:59:07'),(69,69,69,69,NULL,NULL,'mscu','1994-12-24','1979-02-14','2006-08-30 00:57:37'),(70,70,70,70,NULL,NULL,'hypd','1983-09-11','2017-08-01','2016-12-23 14:02:17'),(71,71,71,71,NULL,NULL,'scwf','1995-04-29','1982-06-21','1970-03-10 22:36:49'),(72,72,72,72,NULL,NULL,'bofa','1974-07-17','1980-11-30','2018-09-24 15:13:43'),(73,73,73,73,NULL,NULL,'afqz','1974-05-04','1987-07-25','1970-03-11 06:31:15'),(74,74,74,74,NULL,NULL,'qrem','1981-10-20','1984-07-21','2020-03-22 20:16:21'),(75,75,75,75,NULL,NULL,'kgqk','1999-11-27','2005-07-23','1972-11-10 01:37:56'),(76,76,76,76,NULL,NULL,'gwya','2001-02-20','1989-09-06','1974-11-18 08:15:34'),(77,77,77,77,NULL,NULL,'aqvn','2006-06-29','1984-06-03','2000-02-13 03:05:02'),(78,78,78,78,NULL,NULL,'xppw','1992-03-15','2009-09-28','2002-01-20 14:36:40'),(79,79,79,79,NULL,NULL,'glnx','2021-02-23','2014-03-19','2016-05-29 17:53:14'),(80,80,80,80,NULL,NULL,'amhi','2013-09-22','1975-01-12','1987-05-05 09:53:40'),(81,81,81,81,NULL,NULL,'bnlf','2010-11-19','2008-11-12','2005-06-30 13:45:20'),(82,82,82,82,NULL,NULL,'syrh','1988-02-23','1997-03-12','2010-03-08 06:23:21'),(83,83,83,83,NULL,NULL,'jafq','1976-12-05','1997-05-14','1977-03-05 17:41:34'),(84,84,84,84,NULL,NULL,'bkkr','1988-07-06','2001-08-11','2011-02-03 10:38:46'),(85,85,85,85,NULL,NULL,'isgw','1999-10-31','1998-05-08','2004-12-11 16:51:08'),(86,86,86,86,NULL,NULL,'jwfp','1975-03-31','1976-10-09','2020-05-15 08:24:03'),(87,87,87,87,NULL,NULL,'xcez','1991-02-15','1990-01-31','2007-12-11 08:40:19'),(88,88,88,88,NULL,NULL,'pdug','1984-10-31','2015-11-28','2007-02-18 02:28:12'),(89,89,89,89,NULL,NULL,'gqtw','1985-01-31','2008-03-26','1983-12-24 22:35:37'),(90,90,90,90,NULL,NULL,'jsjh','1983-02-23','1977-08-07','1989-05-26 13:49:41'),(91,91,91,91,NULL,NULL,'eyxk','1983-07-03','1993-05-05','2012-04-26 23:25:36'),(92,92,92,92,NULL,NULL,'fvhb','1999-02-20','1991-11-12','2020-01-09 22:12:05'),(93,93,93,93,NULL,NULL,'hiag','1986-06-02','2006-11-27','1993-07-11 18:25:47'),(94,94,94,94,NULL,NULL,'qxem','2013-01-16','2001-05-07','2010-06-05 16:52:53'),(95,95,95,95,NULL,NULL,'qklk','1974-02-14','2010-05-31','1992-05-29 22:49:33'),(96,96,96,96,NULL,NULL,'xmtq','2005-12-22','2007-08-17','2002-07-19 22:13:55'),(97,97,97,97,NULL,NULL,'oqpz','1990-06-28','1980-03-12','2012-01-21 22:47:53'),(98,98,98,98,NULL,NULL,'sljk','1976-11-05','1987-05-24','1974-05-06 01:45:34'),(99,99,99,99,NULL,NULL,'knxp','1993-01-04','2017-02-19','1997-08-24 20:08:51'),(100,100,100,100,NULL,NULL,'frff','2016-06-10','1997-08-26','1979-06-23 01:17:59');
/*!40000 ALTER TABLE `delivery` ENABLE KEYS */;
UNLOCK TABLES;

--
-- Table structure for table `discounts`
--

DROP TABLE IF EXISTS `discounts`;
/*!40101 SET @saved_cs_client     = @@character_set_client */;
/*!40101 SET character_set_client = utf8 */;
CREATE TABLE `discounts` (
  `id` bigint(20) unsigned NOT NULL AUTO_INCREMENT,
  `user_id` bigint(20) unsigned NOT NULL,
  `product_id` bigint(20) unsigned NOT NULL,
  `discount` float unsigned DEFAULT NULL COMMENT '?????? ?????? - ????? ??????????? ?? 0.00 ?? 1.00',
  `started_at` datetime DEFAULT NULL COMMENT '????? ?????? ?????',
  `finished_at` datetime DEFAULT NULL COMMENT '????? ?????????? ?????',
  `created_at` datetime DEFAULT current_timestamp(),
  `updated_at` datetime DEFAULT current_timestamp() ON UPDATE current_timestamp(),
  UNIQUE KEY `id` (`id`),
  KEY `user_id` (`user_id`),
  KEY `product_id` (`product_id`),
  CONSTRAINT `discounts_ibfk_1` FOREIGN KEY (`user_id`) REFERENCES `users` (`id`),
  CONSTRAINT `discounts_ibfk_2` FOREIGN KEY (`product_id`) REFERENCES `products` (`id`)
) ENGINE=InnoDB AUTO_INCREMENT=101 DEFAULT CHARSET=utf8mb4 COLLATE=utf8mb4_unicode_ci COMMENT='??????';
/*!40101 SET character_set_client = @saved_cs_client */;

--
-- Dumping data for table `discounts`
--

LOCK TABLES `discounts` WRITE;
/*!40000 ALTER TABLE `discounts` DISABLE KEYS */;
INSERT INTO `discounts` VALUES (1,1,1,0.295789,'2000-12-10 10:04:28','2004-09-30 01:05:31','1988-10-22 12:18:09','2020-06-03 15:35:26'),(2,2,2,0.1812,'1980-11-29 10:49:36','1982-03-18 10:04:26','2016-07-11 23:58:46','1972-08-03 15:54:08'),(3,3,3,0.285,'1998-08-07 12:10:29','1986-05-14 22:44:05','1974-07-31 22:01:46','2019-04-18 13:10:33'),(4,4,4,0.2,'2007-06-23 18:13:07','1996-05-06 19:50:26','1982-11-28 23:04:54','1972-07-29 22:43:15'),(5,5,5,0.26653,'1978-02-16 02:15:05','1999-11-20 15:37:01','1994-10-05 15:59:03','1977-04-20 23:40:33'),(6,6,6,0.0637945,'2010-09-05 20:25:03','1985-08-15 11:17:26','1996-11-09 08:00:39','2016-11-26 09:17:55'),(7,7,7,0.070537,'2013-02-20 12:48:23','2001-07-16 18:43:35','1976-12-31 22:08:53','1972-08-24 21:55:45'),(8,8,8,0.03992,'1993-12-16 22:14:05','2006-07-05 07:50:30','1983-01-04 10:24:42','1975-01-01 04:53:14'),(9,9,9,0.0625902,'2000-06-06 14:26:53','1998-03-30 05:35:37','2012-07-26 17:13:41','2012-05-16 22:33:03'),(10,10,10,0.1,'2007-07-12 13:42:23','1976-01-31 04:41:31','1974-10-16 03:47:38','1993-03-28 07:39:19'),(11,11,11,0.1507,'1974-06-27 17:43:30','1976-04-12 20:22:27','1979-10-14 21:56:47','2011-01-05 13:21:29'),(12,12,12,0.0624,'2013-03-20 17:16:00','1976-10-20 18:57:02','1985-10-01 08:29:02','1980-05-18 16:39:07'),(13,13,13,0.128653,'1999-02-08 21:07:47','1983-02-13 05:26:18','1988-05-04 15:01:49','1970-03-01 21:36:23'),(14,14,14,0.23305,'2010-03-06 10:11:05','2014-04-12 13:54:59','1972-09-07 02:17:57','2002-08-27 22:03:45'),(15,15,15,0.242805,'2015-11-06 11:15:38','1989-01-13 11:34:15','2020-11-30 08:37:05','2002-06-03 17:31:50'),(16,16,16,0.123606,'1981-03-09 06:56:07','2008-07-09 01:16:50','1987-01-27 12:23:53','2008-11-06 00:04:53'),(17,17,17,0.066735,'2017-02-18 20:09:41','2002-08-02 13:45:11','2008-01-29 02:39:38','1976-03-31 06:30:05'),(18,18,18,0.03,'2009-10-25 04:33:06','2002-02-09 06:23:01','1980-10-18 11:29:25','1994-06-06 19:50:31'),(19,19,19,0.15,'1979-03-19 17:10:26','1970-01-23 18:48:22','2012-11-08 00:38:57','2002-07-24 18:18:54'),(20,20,20,0.15831,'1986-04-27 09:48:28','1985-10-13 06:09:41','1973-01-30 15:10:59','2001-06-18 02:04:31'),(21,21,21,0.01,'2006-12-07 02:20:21','1992-07-07 18:47:50','2020-08-15 15:39:41','1988-10-06 05:32:56'),(22,22,22,0.1955,'2011-01-05 09:28:58','2010-08-13 05:43:25','2018-02-22 06:13:55','1976-06-14 02:21:23'),(23,23,23,0.21,'1997-06-28 07:24:49','2019-07-16 18:04:03','1970-11-26 21:21:09','1985-03-16 00:59:54'),(24,24,24,0.27117,'2011-08-23 02:29:45','1976-05-29 09:23:37','1978-04-11 02:55:25','1993-08-26 18:51:31'),(25,25,25,0.28912,'1979-04-08 02:07:12','2000-11-15 17:37:22','1983-12-18 23:06:14','2016-12-03 19:29:49'),(26,26,26,0.098,'2020-08-25 13:15:03','1980-12-13 23:20:57','1972-03-25 03:36:21','1982-04-28 02:36:32'),(27,27,27,0.1849,'1991-12-14 16:05:48','1971-07-03 02:09:30','2010-04-27 13:12:08','2011-10-01 20:50:29'),(28,28,28,0,'2006-11-30 04:52:34','1973-06-20 19:27:13','1985-05-09 21:09:53','2011-03-24 14:28:16'),(29,29,29,0.24,'1977-11-26 12:09:56','1990-01-19 05:12:40','1989-03-01 06:24:22','1985-07-17 23:31:10'),(30,30,30,0.0461254,'2001-08-05 08:20:16','2001-01-15 04:43:31','1973-07-01 11:20:30','1982-11-06 06:45:21'),(31,31,31,0.2,'1977-12-06 20:37:46','1985-02-09 08:48:56','1992-09-28 14:20:57','1980-09-04 05:29:25'),(32,32,32,0,'1995-07-15 05:54:11','1990-05-28 18:37:23','1993-12-22 16:28:34','1981-07-28 23:57:35'),(33,33,33,0.166053,'1973-05-23 11:49:11','1989-02-05 22:31:45','1986-02-12 22:48:57','2010-06-19 19:29:35'),(34,34,34,0.273179,'1998-06-22 09:27:03','1970-06-25 18:08:59','1986-08-26 02:35:53','2012-03-12 22:08:19'),(35,35,35,0.101457,'1980-01-20 12:41:12','2014-02-27 08:27:24','1989-03-06 23:38:04','2007-03-29 04:36:58'),(36,36,36,0.0704478,'1993-05-19 21:19:05','2005-12-29 07:29:07','1972-10-21 22:11:30','2004-10-05 05:51:46'),(37,37,37,0.023,'2017-02-14 10:05:22','1999-02-28 00:19:05','2019-10-06 04:40:47','1993-10-09 01:21:24'),(38,38,38,0.263255,'1987-01-22 13:55:56','2010-01-06 03:09:28','1976-06-15 06:29:53','1980-12-20 10:33:39'),(39,39,39,0.0334517,'1989-01-01 18:02:00','1978-04-17 00:31:58','1980-06-13 18:03:59','2004-11-10 10:23:27'),(40,40,40,0.04,'1999-07-06 09:12:55','1996-08-07 21:11:27','2008-07-25 11:05:04','1991-04-05 11:51:15'),(41,41,41,0.243,'1978-05-04 09:16:04','2000-02-06 07:02:50','2018-03-20 16:09:12','2007-06-09 19:03:44'),(42,42,42,0.17903,'2005-06-16 06:54:36','1994-02-11 07:18:44','1980-01-29 19:59:46','2007-03-30 10:52:10'),(43,43,43,0.0425247,'2000-02-02 14:19:42','2009-02-22 09:04:59','2013-06-08 11:43:47','1995-01-09 04:59:22'),(44,44,44,0.01954,'1970-01-09 04:06:29','1988-09-28 10:58:54','2008-11-01 04:21:20','2015-09-03 20:50:23'),(45,45,45,0.111022,'1974-01-07 18:48:24','2021-01-24 18:37:00','1983-06-22 11:28:35','2013-12-02 08:42:17'),(46,46,46,0.05724,'1975-12-12 00:04:33','1985-10-14 23:22:18','1989-10-29 12:34:41','2002-09-21 10:11:56'),(47,47,47,0.217,'1977-12-25 02:28:45','2013-05-18 02:34:17','1995-08-07 19:40:03','2006-09-07 12:01:02'),(48,48,48,0,'2018-08-12 13:14:43','1995-07-24 22:38:50','2020-09-15 18:56:01','1984-12-05 02:22:13'),(49,49,49,0.18,'2009-03-09 02:59:22','1997-11-02 01:29:56','1975-11-15 15:14:47','1996-04-18 05:28:40'),(50,50,50,0.0816216,'1973-09-27 16:31:09','2017-10-01 17:24:49','1989-07-09 00:25:18','2002-08-25 09:27:37'),(51,51,51,0.249,'1985-08-19 19:32:55','2003-12-03 04:10:02','1983-03-06 12:29:57','1973-09-10 09:51:39'),(52,52,52,0.268879,'2013-07-09 13:03:02','1986-10-04 23:47:15','1987-11-07 11:13:51','2004-03-29 08:24:54'),(53,53,53,0.16646,'2011-10-03 11:52:42','1976-04-09 08:47:43','1984-07-08 05:13:00','2011-06-25 03:21:07'),(54,54,54,0.05,'2011-01-07 05:22:47','1974-05-25 05:52:18','2012-03-11 19:33:57','1980-10-27 02:32:21'),(55,55,55,0.023,'1992-12-22 02:47:47','1974-08-20 22:19:08','1979-03-15 12:07:34','1974-02-03 21:16:41'),(56,56,56,0,'2004-08-23 12:30:53','1973-08-21 08:57:46','2015-06-05 14:48:07','1980-02-22 16:56:49'),(57,57,57,0.05,'1986-01-16 13:46:23','1998-10-30 20:11:45','1991-10-28 18:43:22','2010-11-29 10:46:09'),(58,58,58,0.097745,'1994-12-07 19:02:03','1989-11-02 19:37:40','2012-05-26 09:15:51','1980-02-28 20:25:41'),(59,59,59,0.232,'2002-05-11 01:01:11','1985-12-15 23:17:32','1982-06-02 06:53:41','1990-07-07 17:33:12'),(60,60,60,0.01706,'1993-01-19 03:02:36','2004-07-13 16:08:09','1978-03-18 05:53:53','2000-06-01 00:13:48'),(61,61,61,0.231366,'2006-07-19 14:49:29','1989-11-06 01:30:24','2008-04-15 02:09:47','2018-09-23 04:11:22'),(62,62,62,0.0936035,'2016-04-15 03:26:24','1986-05-02 00:06:51','1991-10-03 23:51:37','1999-03-13 20:46:07'),(63,63,63,0.236056,'1995-03-29 21:03:05','1978-06-01 12:33:32','1992-06-05 08:46:03','2017-01-26 14:44:34'),(64,64,64,0.21663,'1992-06-09 03:50:53','1973-11-20 07:52:55','1979-08-21 09:41:16','2015-07-15 08:17:07'),(65,65,65,0.08093,'1986-04-11 09:48:13','2000-02-05 00:49:44','1981-05-01 04:24:03','1983-02-15 16:42:17'),(66,66,66,0.1,'1984-02-19 23:57:47','2015-01-20 16:43:53','2000-01-14 08:56:59','1988-01-14 07:50:06'),(67,67,67,0.175595,'1996-09-17 15:07:45','2007-10-13 06:58:28','2012-03-18 05:47:09','1990-07-31 02:34:18'),(68,68,68,0.0184081,'1995-06-22 16:55:55','2008-09-28 15:21:04','1979-11-15 11:37:57','1980-11-16 22:35:33'),(69,69,69,0.0159102,'1980-03-05 04:36:04','1978-08-06 18:46:04','2003-04-22 12:26:21','2003-12-24 07:00:30'),(70,70,70,0.23137,'2015-06-24 16:07:12','2012-02-28 21:36:14','1970-06-01 11:26:09','1978-08-17 11:03:51'),(71,71,71,0.0338434,'1994-11-15 08:38:13','2009-08-12 13:05:38','1997-06-20 13:38:15','1994-01-08 18:54:24'),(72,72,72,0.165408,'1970-03-22 03:50:59','2015-10-21 20:37:55','1977-05-04 03:23:21','2005-08-09 20:43:12'),(73,73,73,0,'2007-06-28 14:44:49','1980-10-26 19:50:05','1999-06-01 15:49:29','1972-08-12 13:55:42'),(74,74,74,0.1555,'1972-08-25 13:25:02','1972-12-28 22:35:48','1995-03-30 07:15:57','1995-09-13 13:51:04'),(75,75,75,0.172225,'1971-05-06 00:41:57','1972-11-28 21:52:59','2001-06-02 06:40:53','2020-09-04 02:06:45'),(76,76,76,0.190669,'2017-08-02 20:27:05','2017-10-04 22:29:29','1977-05-08 23:41:45','2002-08-17 14:04:56'),(77,77,77,0.107489,'1974-09-17 00:12:49','2007-08-18 08:51:06','1981-10-22 19:53:06','1990-08-08 03:58:15'),(78,78,78,0.1,'1990-12-31 05:02:54','2019-02-03 03:35:00','1982-09-07 13:11:32','1973-07-10 18:18:36'),(79,79,79,0.1,'2001-02-09 03:48:09','2012-06-11 17:23:31','1975-09-10 15:36:52','1988-09-12 16:43:16'),(80,80,80,0.030993,'1982-11-15 01:58:20','2010-05-06 21:13:49','1977-03-11 02:50:28','1970-12-07 00:17:15'),(81,81,81,0.2,'1974-09-09 01:57:47','1984-01-18 14:49:56','2017-10-30 13:40:01','1973-01-15 13:10:07'),(82,82,82,0.2549,'1975-08-24 22:51:23','1985-06-23 16:25:48','1988-04-28 05:14:36','2006-06-11 11:21:58'),(83,83,83,0.282,'2006-05-11 02:42:50','2019-04-04 10:43:44','1979-12-21 14:59:58','1982-04-11 03:01:58'),(84,84,84,0,'1988-10-01 15:49:20','1990-07-04 15:21:40','2006-10-12 01:26:45','2003-07-31 11:34:18'),(85,85,85,0.15341,'1986-05-30 10:31:32','2005-05-30 20:30:52','2016-01-15 15:44:56','2017-04-05 03:53:55'),(86,86,86,0.267753,'1986-01-29 11:14:06','2020-02-12 19:18:12','2016-06-09 17:33:20','1988-12-09 18:14:32'),(87,87,87,0.2504,'2011-10-21 10:59:41','2015-04-03 22:44:54','2018-11-03 23:12:43','2006-09-22 04:13:56'),(88,88,88,0.117543,'1972-06-24 17:59:34','2016-11-05 03:02:43','1989-03-19 06:53:45','2012-11-27 11:14:03'),(89,89,89,0.0906,'1992-09-22 21:05:19','1982-09-08 05:25:20','1990-12-11 10:27:57','2006-07-26 04:03:03'),(90,90,90,0,'2010-05-08 09:55:22','1980-01-29 19:46:15','1993-11-13 22:13:33','1990-11-22 16:02:38'),(91,91,91,0.1,'1993-05-18 15:15:01','2019-03-27 04:13:04','1989-11-14 21:16:25','2002-02-18 02:43:00'),(92,92,92,0,'2010-10-14 22:55:12','2016-08-10 08:12:41','2012-08-03 07:14:33','1990-07-22 00:01:46'),(93,93,93,0.210334,'2007-10-28 03:23:33','2012-03-27 15:07:15','2007-05-14 20:36:10','1987-02-01 18:15:09'),(94,94,94,0.2,'1975-07-03 09:14:12','2013-10-02 17:51:10','2019-05-02 00:43:31','2010-05-03 10:51:40'),(95,95,95,0,'1997-09-08 04:24:52','2004-10-12 17:25:11','2015-12-11 14:36:11','2004-03-14 10:21:12'),(96,96,96,0.281,'1995-11-16 07:20:56','1972-10-29 10:31:09','1997-02-22 22:37:33','2021-02-19 20:16:07'),(97,97,97,0.24848,'2019-09-28 14:21:11','1975-11-04 08:16:43','2010-02-21 07:44:34','1980-02-28 15:22:37'),(98,98,98,0.1313,'2012-02-24 18:00:57','1975-02-07 06:44:06','2016-04-11 12:08:38','1998-11-14 22:41:15'),(99,99,99,0.0389901,'1996-10-07 20:36:02','1991-07-04 19:26:31','1985-09-29 00:02:11','1977-07-19 15:40:52'),(100,100,100,0.177,'1998-08-31 02:48:49','1978-10-24 22:30:27','1980-07-02 12:45:43','1977-11-13 02:56:16');
/*!40000 ALTER TABLE `discounts` ENABLE KEYS */;
UNLOCK TABLES;

--
-- Table structure for table `media`
--

DROP TABLE IF EXISTS `media`;
/*!40101 SET @saved_cs_client     = @@character_set_client */;
/*!40101 SET character_set_client = utf8 */;
CREATE TABLE `media` (
  `id` bigint(20) unsigned NOT NULL AUTO_INCREMENT,
  `media_type_id` bigint(20) unsigned NOT NULL,
  `product_id` bigint(20) unsigned NOT NULL,
  `filename` varchar(255) COLLATE utf8mb4_unicode_ci DEFAULT NULL,
  `size` int(11) DEFAULT NULL,
  `metadata` longtext CHARACTER SET utf8mb4 COLLATE utf8mb4_bin DEFAULT NULL CHECK (json_valid(`metadata`)),
  `created_at` datetime DEFAULT current_timestamp(),
  `updated_at` datetime DEFAULT NULL ON UPDATE current_timestamp(),
  UNIQUE KEY `id` (`id`),
  KEY `product_id` (`product_id`),
  KEY `media_type_id` (`media_type_id`),
  CONSTRAINT `media_ibfk_1` FOREIGN KEY (`product_id`) REFERENCES `products` (`id`),
  CONSTRAINT `media_ibfk_2` FOREIGN KEY (`media_type_id`) REFERENCES `media_types` (`id`)
) ENGINE=InnoDB AUTO_INCREMENT=101 DEFAULT CHARSET=utf8mb4 COLLATE=utf8mb4_unicode_ci COMMENT='????? ';
/*!40101 SET character_set_client = @saved_cs_client */;

--
-- Dumping data for table `media`
--

LOCK TABLES `media` WRITE;
/*!40000 ALTER TABLE `media` DISABLE KEYS */;
INSERT INTO `media` VALUES (1,1,1,'repellendus',94454775,NULL,'1984-02-10 20:03:47','1975-07-21 12:14:16'),(2,2,2,'nostrum',5,NULL,'2016-09-30 13:54:02','2016-01-15 00:42:25'),(3,1,3,'minima',210,NULL,'1981-04-19 03:17:57','2013-12-19 11:56:32'),(4,2,4,'rerum',768008,NULL,'2010-02-03 14:14:36','1976-02-12 10:41:09'),(5,1,5,'occaecati',25327426,NULL,'2012-03-21 12:02:10','2015-04-23 02:38:40'),(6,2,6,'dolorum',46322815,NULL,'2006-11-20 07:03:24','1994-06-15 12:13:49'),(7,1,7,'delectus',47,NULL,'2018-04-11 19:09:18','1990-12-20 15:15:30'),(8,2,8,'maxime',0,NULL,'1985-09-08 12:41:27','1971-05-28 23:21:49'),(9,1,9,'nobis',0,NULL,'1993-01-08 21:59:40','2016-03-08 16:22:35'),(10,2,10,'qui',9103,NULL,'1996-06-17 06:09:39','1990-08-17 09:55:49'),(11,1,11,'et',0,NULL,'1974-04-29 04:28:24','2013-07-17 11:43:11'),(12,2,12,'omnis',49939338,NULL,'1978-01-16 15:44:39','1997-03-07 02:41:47'),(13,1,13,'cupiditate',74,NULL,'1970-04-03 07:34:16','1979-04-13 21:41:11'),(14,2,14,'velit',0,NULL,'2015-03-08 14:02:39','1974-05-05 09:14:52'),(15,1,15,'modi',1051569,NULL,'1996-04-27 14:23:36','1980-02-10 16:14:50'),(16,2,16,'sit',123490,NULL,'1977-09-17 19:18:04','2003-03-10 01:31:09'),(17,1,17,'odio',12267,NULL,'1978-07-12 17:05:30','1999-09-27 18:26:07'),(18,2,18,'voluptas',158961756,NULL,'2006-11-18 05:32:16','2020-03-25 05:13:46'),(19,1,19,'recusandae',0,NULL,'1974-08-27 12:28:44','2013-12-01 09:21:19'),(20,2,20,'voluptatem',0,NULL,'2014-03-18 06:31:52','2014-09-15 06:43:55'),(21,1,21,'et',74342439,NULL,'1999-10-30 19:30:29','1974-10-07 16:16:22'),(22,2,22,'non',1,NULL,'1977-09-21 07:50:24','1970-12-22 05:55:26'),(23,1,23,'quam',35,NULL,'1972-04-18 23:17:06','1991-03-23 09:29:59'),(24,2,24,'dolorem',915,NULL,'1982-09-17 14:44:15','1974-06-29 09:31:11'),(25,1,25,'consequatur',903915,NULL,'1997-03-06 15:53:25','1997-02-26 01:06:27'),(26,2,26,'iure',860082,NULL,'2018-03-10 14:35:01','2002-06-14 11:22:56'),(27,1,27,'accusamus',295909131,NULL,'2006-05-25 05:53:02','1970-06-08 05:05:59'),(28,2,28,'est',43,NULL,'1980-09-30 23:57:14','1980-01-19 09:23:32'),(29,1,29,'laboriosam',999,NULL,'1973-03-24 05:08:15','1987-07-02 17:09:29'),(30,2,30,'nam',197998318,NULL,'2014-02-14 09:59:25','2012-03-20 22:05:18'),(31,1,31,'voluptatum',4,NULL,'1972-10-28 07:33:44','1985-08-18 02:20:49'),(32,2,32,'provident',9,NULL,'2005-12-10 23:32:45','2005-12-18 16:48:53'),(33,1,33,'impedit',235,NULL,'1972-11-21 06:37:28','2003-03-27 01:23:38'),(34,2,34,'et',14947652,NULL,'1999-10-28 22:11:23','2008-01-01 23:43:53'),(35,1,35,'vel',71,NULL,'1998-06-13 23:03:16','1993-08-24 21:08:10'),(36,2,36,'maxime',308227453,NULL,'2000-07-06 09:57:56','1997-09-02 02:07:36'),(37,1,37,'illo',17,NULL,'2016-12-22 06:01:25','2011-01-27 10:02:08'),(38,2,38,'alias',987,NULL,'1977-11-27 09:56:32','1987-05-20 09:54:40'),(39,1,39,'neque',4658563,NULL,'1978-08-15 01:57:09','2004-07-16 03:54:51'),(40,2,40,'iste',6222795,NULL,'2020-03-18 05:09:31','1999-09-05 22:55:38'),(41,1,41,'eos',0,NULL,'1981-08-17 06:57:35','1982-10-03 03:38:50'),(42,2,42,'distinctio',908377538,NULL,'1986-08-13 02:55:39','2003-12-26 21:38:06'),(43,1,43,'atque',288356,NULL,'2008-09-26 01:38:54','2013-05-10 20:43:33'),(44,2,44,'suscipit',2945,NULL,'1973-01-02 22:56:53','1986-11-10 09:52:28'),(45,1,45,'sunt',0,NULL,'1976-02-18 20:39:47','1990-03-23 15:40:17'),(46,2,46,'doloribus',5,NULL,'1990-01-01 22:23:07','2015-12-07 02:46:13'),(47,1,47,'quis',37530989,NULL,'1991-03-11 07:12:10','1991-10-19 16:40:28'),(48,2,48,'eaque',376,NULL,'1997-06-15 11:19:38','1982-04-11 12:22:59'),(49,1,49,'quas',0,NULL,'2000-05-31 00:20:37','2020-08-05 20:44:35'),(50,2,50,'et',1123728,NULL,'1973-03-25 00:17:00','1984-06-18 18:45:45'),(51,1,51,'porro',30,NULL,'1994-07-10 13:35:22','2014-11-18 18:49:03'),(52,2,52,'quo',75390852,NULL,'1971-12-22 00:53:21','2017-12-08 03:24:12'),(53,1,53,'ab',45103,NULL,'1979-04-24 03:27:33','2009-04-28 17:04:49'),(54,2,54,'eveniet',0,NULL,'1978-10-12 20:51:11','2019-02-02 08:10:26'),(55,1,55,'harum',16888,NULL,'1973-04-22 22:22:35','1972-02-04 10:45:49'),(56,2,56,'at',46698,NULL,'1970-06-13 06:31:04','2018-06-10 21:37:55'),(57,1,57,'quis',211,NULL,'1989-10-19 10:55:36','1971-11-30 13:22:29'),(58,2,58,'voluptas',55,NULL,'1972-02-13 02:20:11','1972-06-06 06:44:41'),(59,1,59,'ut',260898337,NULL,'1997-02-03 04:22:20','1977-10-21 09:15:23'),(60,2,60,'id',91431442,NULL,'1970-07-21 10:03:56','1978-09-13 12:50:36'),(61,1,61,'deserunt',8224,NULL,'2012-07-08 21:29:56','2007-11-02 06:35:38'),(62,2,62,'ex',492,NULL,'2005-06-08 00:49:18','2016-04-10 05:52:53'),(63,1,63,'fuga',39566425,NULL,'1985-06-19 04:54:57','1998-10-28 04:02:08'),(64,2,64,'ipsum',867,NULL,'2004-03-10 16:17:35','2014-10-21 13:33:25'),(65,1,65,'voluptate',65867,NULL,'1995-12-07 18:06:34','2001-05-31 14:36:17'),(66,2,66,'quia',75930,NULL,'1983-08-08 23:30:23','1975-04-18 23:50:58'),(67,1,67,'doloribus',813036674,NULL,'1973-08-29 10:29:01','2001-12-20 19:44:29'),(68,2,68,'totam',5549,NULL,'2006-06-04 22:33:48','2019-06-10 19:09:19'),(69,1,69,'natus',313406111,NULL,'2011-05-27 03:05:47','1992-03-17 06:58:35'),(70,2,70,'perspiciatis',4295,NULL,'1974-05-08 10:18:19','1992-06-28 04:10:34'),(71,1,71,'numquam',7679733,NULL,'1979-08-15 05:54:43','1991-07-29 02:49:17'),(72,2,72,'ut',4762734,NULL,'2000-08-07 02:34:44','1988-09-12 22:14:51'),(73,1,73,'et',0,NULL,'2015-03-05 19:34:14','1992-09-07 10:30:29'),(74,2,74,'et',48656,NULL,'1980-11-23 01:23:57','2020-02-22 14:49:28'),(75,1,75,'aut',487248054,NULL,'2010-09-09 08:43:21','2008-11-21 07:05:34'),(76,2,76,'tenetur',12298,NULL,'2016-05-15 08:31:15','2016-10-22 13:55:26'),(77,1,77,'odit',664,NULL,'2001-10-05 17:41:00','1996-10-31 12:49:01'),(78,2,78,'adipisci',80445261,NULL,'2017-09-18 04:37:38','2011-02-01 18:30:56'),(79,1,79,'aut',2416,NULL,'1996-08-16 22:05:27','1992-05-01 00:08:49'),(80,2,80,'tempora',3221409,NULL,'1991-02-05 18:05:07','2002-02-11 17:36:04'),(81,1,81,'quia',6078,NULL,'1992-06-24 18:01:30','1986-05-18 22:27:56'),(82,2,82,'impedit',4749242,NULL,'1972-09-06 06:55:27','1995-07-09 02:18:20'),(83,1,83,'deleniti',9946,NULL,'2000-10-19 02:50:45','2018-10-25 14:53:08'),(84,2,84,'aut',6,NULL,'1977-04-05 09:40:35','2013-09-21 19:55:03'),(85,1,85,'culpa',9297102,NULL,'2016-01-23 21:20:51','2000-05-20 16:25:01'),(86,2,86,'voluptatibus',95252345,NULL,'1981-06-03 13:20:58','2010-12-27 05:24:43'),(87,1,87,'vel',553789091,NULL,'2003-10-05 00:11:17','1978-07-08 20:34:14'),(88,2,88,'nihil',0,NULL,'1982-03-03 20:21:33','2002-12-08 23:58:06'),(89,1,89,'tenetur',14,NULL,'2007-02-22 10:00:37','1985-01-04 07:16:23'),(90,2,90,'nisi',77,NULL,'1997-01-15 16:17:16','1975-05-02 18:24:31'),(91,1,91,'non',813431534,NULL,'1989-07-01 15:53:02','1983-08-24 04:23:14'),(92,2,92,'asperiores',80278,NULL,'1987-11-23 01:46:00','2002-09-08 22:33:50'),(93,1,93,'et',5984,NULL,'1994-02-02 07:39:25','1980-10-27 23:11:47'),(94,2,94,'et',9839209,NULL,'1992-10-27 01:59:31','1976-03-02 22:29:22'),(95,1,95,'est',52338,NULL,'2000-03-01 15:16:47','2010-11-03 17:12:35'),(96,2,96,'tempore',4,NULL,'2001-08-18 09:12:27','1970-12-15 16:54:25'),(97,1,97,'aut',88079696,NULL,'2016-04-10 14:54:25','1999-01-29 10:45:10'),(98,2,98,'rem',9,NULL,'1976-01-10 23:55:31','1999-05-05 07:46:17'),(99,1,99,'et',38848882,NULL,'2015-01-13 23:53:07','1980-04-18 08:12:06'),(100,2,100,'voluptatibus',5,NULL,'1986-10-30 09:24:00','1979-02-23 05:01:40');
/*!40000 ALTER TABLE `media` ENABLE KEYS */;
UNLOCK TABLES;

--
-- Table structure for table `media_types`
--

DROP TABLE IF EXISTS `media_types`;
/*!40101 SET @saved_cs_client     = @@character_set_client */;
/*!40101 SET character_set_client = utf8 */;
CREATE TABLE `media_types` (
  `id` bigint(20) unsigned NOT NULL AUTO_INCREMENT,
  `name` varchar(255) COLLATE utf8mb4_unicode_ci DEFAULT NULL COMMENT '??? ?????',
  `created_at` datetime DEFAULT current_timestamp(),
  `updated_at` datetime DEFAULT NULL ON UPDATE current_timestamp(),
  UNIQUE KEY `id` (`id`)
) ENGINE=InnoDB AUTO_INCREMENT=3 DEFAULT CHARSET=utf8mb4 COLLATE=utf8mb4_unicode_ci COMMENT='???? ????? ';
/*!40101 SET character_set_client = @saved_cs_client */;

--
-- Dumping data for table `media_types`
--

LOCK TABLES `media_types` WRITE;
/*!40000 ALTER TABLE `media_types` DISABLE KEYS */;
INSERT INTO `media_types` VALUES (1,'nihil','2004-07-26 21:15:05','1986-02-04 10:04:53'),(2,'impedit','2017-06-15 21:31:11','1974-07-27 20:56:16');
/*!40000 ALTER TABLE `media_types` ENABLE KEYS */;
UNLOCK TABLES;

--
-- Table structure for table `orders`
--

DROP TABLE IF EXISTS `orders`;
/*!40101 SET @saved_cs_client     = @@character_set_client */;
/*!40101 SET character_set_client = utf8 */;
CREATE TABLE `orders` (
  `id` bigint(20) unsigned NOT NULL AUTO_INCREMENT COMMENT '????? ??????',
  `user_id` bigint(20) unsigned NOT NULL,
  `created_at` datetime DEFAULT current_timestamp(),
  `updated_at` datetime DEFAULT current_timestamp() ON UPDATE current_timestamp(),
  UNIQUE KEY `id` (`id`),
  KEY `index_of_user_id` (`user_id`),
  CONSTRAINT `fk_orders_user_id` FOREIGN KEY (`user_id`) REFERENCES `users` (`id`) ON UPDATE CASCADE
) ENGINE=InnoDB AUTO_INCREMENT=101 DEFAULT CHARSET=utf8mb4 COLLATE=utf8mb4_unicode_ci COMMENT='??????';
/*!40101 SET character_set_client = @saved_cs_client */;

--
-- Dumping data for table `orders`
--

LOCK TABLES `orders` WRITE;
/*!40000 ALTER TABLE `orders` DISABLE KEYS */;
INSERT INTO `orders` VALUES (1,1,'1982-03-15 22:55:19','1983-06-06 05:13:09'),(2,2,'1981-04-20 23:17:54','1986-04-15 22:48:34'),(3,3,'1974-12-15 21:52:23','2009-01-02 21:36:24'),(4,4,'2008-07-26 11:06:21','1976-07-21 04:56:05'),(5,5,'2001-02-17 13:25:11','1985-05-30 09:04:18'),(6,6,'1972-12-19 22:01:34','2001-12-17 02:46:33'),(7,7,'1988-08-04 15:43:14','2007-06-15 18:25:17'),(8,8,'1997-09-16 11:03:52','1991-09-05 10:56:29'),(9,9,'2016-09-02 15:39:16','1994-04-19 19:59:49'),(10,10,'1978-04-15 15:50:51','1978-04-02 13:21:11'),(11,11,'1975-07-21 20:14:02','2004-07-25 03:32:11'),(12,12,'1984-08-18 16:43:27','1976-06-02 21:43:12'),(13,13,'1993-04-08 09:53:48','1982-01-17 20:26:02'),(14,14,'2012-02-08 05:22:45','1997-08-19 16:46:28'),(15,15,'2009-03-25 22:11:24','2010-05-01 10:29:42'),(16,16,'2002-01-17 17:53:28','2006-09-09 19:57:57'),(17,17,'1970-06-02 21:14:40','2017-05-05 19:13:57'),(18,18,'2005-08-26 19:20:40','1987-06-26 21:14:44'),(19,19,'2013-02-22 15:28:09','2006-08-23 01:31:09'),(20,20,'1981-08-17 11:30:18','1972-08-30 07:32:16'),(21,21,'1990-05-07 00:20:35','2019-08-06 11:07:47'),(22,22,'1975-08-05 18:50:45','1971-12-27 14:39:05'),(23,23,'1975-04-07 20:11:31','1970-03-29 20:00:25'),(24,24,'2015-12-10 05:53:27','2018-06-01 03:44:11'),(25,25,'1999-12-19 11:11:42','2016-11-04 07:14:49'),(26,26,'1972-11-30 02:24:17','1983-05-24 19:12:36'),(27,27,'2003-04-12 03:13:20','2013-03-19 05:14:35'),(28,28,'2003-01-29 03:39:57','1999-07-03 19:20:46'),(29,29,'1989-09-16 10:09:26','2005-10-28 11:22:22'),(30,30,'2011-05-23 06:02:58','1972-01-31 11:22:59'),(31,31,'1979-10-17 17:03:48','1990-10-19 17:32:58'),(32,32,'1991-11-20 23:51:32','2005-08-17 12:18:35'),(33,33,'2017-05-28 22:46:05','2018-12-24 06:04:54'),(34,34,'2011-12-27 01:30:55','2001-06-09 21:09:59'),(35,35,'2008-11-09 06:40:25','1978-12-04 21:00:02'),(36,36,'1990-09-16 05:53:30','1977-07-26 11:25:32'),(37,37,'1994-11-11 05:45:18','2015-04-29 15:49:06'),(38,38,'2009-06-14 17:29:07','1975-09-26 05:56:47'),(39,39,'1983-04-24 12:45:20','1986-09-03 12:02:41'),(40,40,'2006-12-28 06:33:18','2003-05-21 20:57:35'),(41,41,'1982-03-13 22:00:58','1974-12-06 00:52:17'),(42,42,'2008-01-10 03:55:26','1982-01-08 08:00:44'),(43,43,'2007-11-11 19:06:17','1998-06-04 20:07:53'),(44,44,'2019-05-17 18:14:09','2017-04-13 16:31:49'),(45,45,'1986-08-08 10:16:56','2000-07-16 02:23:47'),(46,46,'1996-01-04 15:00:19','2004-08-11 04:29:41'),(47,47,'2019-04-27 13:13:08','1988-03-05 10:38:56'),(48,48,'2008-04-04 00:02:19','1995-09-12 16:06:19'),(49,49,'1981-11-17 07:09:28','2005-03-22 14:15:33'),(50,50,'2010-11-29 00:01:32','1997-05-02 05:50:42'),(51,51,'1996-02-04 18:42:20','1978-12-30 05:29:11'),(52,52,'2003-09-27 05:24:09','2020-11-24 19:53:44'),(53,53,'1982-08-31 19:34:16','2012-10-15 14:04:49'),(54,54,'1989-10-14 01:17:46','1996-07-20 16:55:33'),(55,55,'1978-01-12 18:13:41','1992-03-21 20:32:38'),(56,56,'1975-05-30 01:02:51','1973-12-30 02:42:58'),(57,57,'2000-09-23 13:43:48','2007-09-26 20:46:02'),(58,58,'1978-09-07 13:36:26','1986-06-04 08:47:57'),(59,59,'1973-09-06 07:34:50','1998-10-16 18:05:16'),(60,60,'2004-12-23 20:11:28','1974-10-15 03:20:41'),(61,61,'2003-04-20 10:57:00','2004-04-07 20:15:30'),(62,62,'2012-07-04 00:26:07','1974-10-26 11:45:00'),(63,63,'2004-06-24 06:13:33','2019-12-24 13:46:20'),(64,64,'1974-01-04 19:42:33','1999-05-28 23:12:24'),(65,65,'2016-09-22 17:46:41','1971-09-27 17:07:12'),(66,66,'1984-02-01 15:08:20','1981-01-06 20:58:56'),(67,67,'2009-06-29 00:21:20','2018-08-17 07:57:24'),(68,68,'1997-11-08 10:00:12','1978-12-26 15:48:40'),(69,69,'2014-11-23 06:35:25','1996-06-25 04:40:56'),(70,70,'2006-03-31 13:24:19','1985-02-27 15:30:50'),(71,71,'1970-05-03 04:56:24','2017-05-23 04:51:27'),(72,72,'1980-09-01 01:53:09','2015-11-30 09:03:36'),(73,73,'2000-03-13 00:32:59','2011-01-19 08:45:20'),(74,74,'1982-01-31 11:45:21','1971-04-27 19:42:02'),(75,75,'1978-11-25 05:18:22','1977-10-29 01:56:31'),(76,76,'2007-03-04 07:53:42','1974-08-02 06:37:59'),(77,77,'1981-02-24 21:05:30','2004-09-16 04:18:52'),(78,78,'2013-03-28 22:19:57','1992-11-26 06:13:09'),(79,79,'2016-08-29 10:10:29','1975-08-02 03:53:17'),(80,80,'1998-05-30 17:39:30','1972-06-16 03:13:44'),(81,81,'1991-05-03 15:02:35','1975-06-06 14:08:19'),(82,82,'2012-12-01 05:14:54','1978-04-02 00:28:44'),(83,83,'1994-12-05 04:07:37','1983-01-11 15:00:24'),(84,84,'1972-05-18 05:20:27','2009-09-07 18:21:10'),(85,85,'1985-09-08 12:07:33','1987-11-16 00:25:48'),(86,86,'1996-12-14 18:37:17','1999-09-27 20:24:24'),(87,87,'2002-03-19 23:06:21','1988-07-08 05:24:11'),(88,88,'1979-02-22 20:57:51','1976-11-25 01:03:34'),(89,89,'1995-03-16 18:47:01','2005-10-15 02:33:05'),(90,90,'2001-05-04 15:42:46','1998-11-24 00:09:47'),(91,91,'2010-05-14 20:12:20','2007-10-07 16:37:34'),(92,92,'1984-09-27 07:16:58','2003-02-17 03:18:40'),(93,93,'1983-08-26 15:52:10','1974-12-05 23:49:26'),(94,94,'2017-03-25 04:12:10','1972-10-13 00:43:20'),(95,95,'2012-03-09 12:07:39','2013-01-09 19:52:36'),(96,96,'2015-07-12 12:03:10','1987-11-12 00:50:01'),(97,97,'2009-01-20 06:54:02','1974-01-11 18:24:30'),(98,98,'2005-02-09 10:02:18','1973-11-05 20:12:11'),(99,99,'1997-02-28 06:31:44','1976-02-05 22:29:05'),(100,100,'1988-05-03 01:41:42','1981-09-01 07:30:14');
/*!40000 ALTER TABLE `orders` ENABLE KEYS */;
UNLOCK TABLES;

--
-- Table structure for table `orders_products`
--

DROP TABLE IF EXISTS `orders_products`;
/*!40101 SET @saved_cs_client     = @@character_set_client */;
/*!40101 SET character_set_client = utf8 */;
CREATE TABLE `orders_products` (
  `id` bigint(20) unsigned NOT NULL AUTO_INCREMENT,
  `order_id` bigint(20) unsigned NOT NULL,
  `product_id` bigint(20) unsigned NOT NULL,
  `total` bigint(20) unsigned DEFAULT 1 COMMENT '?????????? ?????????? ???????? ???????',
  `created_at` datetime DEFAULT current_timestamp(),
  `update_at` datetime DEFAULT current_timestamp() ON UPDATE current_timestamp(),
  UNIQUE KEY `id` (`id`),
  KEY `product_id` (`product_id`),
  KEY `index_of_order_and_prodict_id` (`order_id`,`product_id`),
  CONSTRAINT `orders_products_ibfk_1` FOREIGN KEY (`order_id`) REFERENCES `orders` (`id`),
  CONSTRAINT `orders_products_ibfk_2` FOREIGN KEY (`product_id`) REFERENCES `products` (`id`)
) ENGINE=InnoDB AUTO_INCREMENT=201 DEFAULT CHARSET=utf8mb4 COLLATE=utf8mb4_unicode_ci COMMENT='?????? ??????';
/*!40101 SET character_set_client = @saved_cs_client */;

--
-- Dumping data for table `orders_products`
--

LOCK TABLES `orders_products` WRITE;
/*!40000 ALTER TABLE `orders_products` DISABLE KEYS */;
INSERT INTO `orders_products` VALUES (1,1,1,1,'1975-04-30 09:49:26','2020-04-25 07:42:57'),(2,2,2,1,'2019-01-13 07:32:26','2017-05-09 19:13:36'),(3,3,3,1,'1973-03-23 02:24:00','1975-04-24 22:09:56'),(4,4,4,1,'1973-12-22 20:19:38','1983-04-11 22:50:12'),(5,5,5,1,'1983-02-26 02:49:37','1980-07-27 17:33:32'),(6,6,6,1,'1988-09-18 06:18:53','1988-12-23 05:24:16'),(7,7,7,1,'2008-06-27 09:57:31','1997-11-23 17:55:42'),(8,8,8,1,'2007-01-05 04:42:26','1984-10-05 22:49:03'),(9,9,9,1,'1972-07-23 02:55:33','2009-05-01 06:47:31'),(10,10,10,1,'2016-10-10 15:31:53','2018-12-13 22:38:53'),(11,11,11,1,'1980-06-25 17:57:03','1999-06-07 03:34:46'),(12,12,12,1,'1983-03-17 12:49:17','1980-05-20 08:25:40'),(13,13,13,1,'1999-10-12 21:49:45','1972-04-01 02:48:40'),(14,14,14,1,'1978-04-07 02:42:25','1995-06-24 01:04:38'),(15,15,15,1,'1992-01-31 21:45:56','2003-06-10 23:50:37'),(16,16,16,1,'2002-06-30 23:00:37','1995-08-07 20:13:47'),(17,17,17,1,'1975-08-13 19:22:38','2019-05-08 03:47:57'),(18,18,18,1,'2006-08-19 13:39:47','1979-11-07 13:20:04'),(19,19,19,1,'2020-05-19 05:14:08','2019-04-30 00:01:37'),(20,20,20,1,'1997-05-27 15:50:38','2001-04-16 11:48:58'),(21,21,21,1,'1998-12-08 20:11:18','1991-03-28 21:15:42'),(22,22,22,1,'2013-12-06 11:35:40','1971-09-24 23:19:36'),(23,23,23,1,'1980-10-01 14:29:03','2001-10-26 21:36:35'),(24,24,24,1,'1982-11-16 22:48:43','1999-06-18 13:04:32'),(25,25,25,1,'1970-02-24 01:41:41','1980-07-24 15:35:51'),(26,26,26,1,'2011-01-13 23:30:15','1997-07-22 03:57:37'),(27,27,27,1,'1978-05-29 04:59:50','2017-09-16 06:50:32'),(28,28,28,1,'1982-12-20 11:26:45','1979-09-18 16:26:58'),(29,29,29,1,'1982-12-22 06:32:21','2012-04-08 20:50:27'),(30,30,30,1,'1990-05-24 09:40:36','1971-05-02 23:12:59'),(31,31,31,1,'2011-04-09 00:26:20','1992-04-13 18:51:22'),(32,32,32,1,'1975-01-27 13:55:40','2008-07-11 20:38:30'),(33,33,33,1,'2008-12-21 14:51:46','2018-03-13 01:20:45'),(34,34,34,1,'2011-06-02 13:00:39','2021-01-20 07:50:13'),(35,35,35,1,'2006-08-25 06:46:59','2007-12-18 17:48:25'),(36,36,36,1,'1986-09-08 19:22:19','1981-10-16 06:37:37'),(37,37,37,1,'1997-04-02 11:12:40','2013-11-04 09:16:24'),(38,38,38,1,'1996-03-29 01:35:36','2009-11-30 21:28:33'),(39,39,39,1,'1995-03-30 23:22:41','1997-02-07 04:26:36'),(40,40,40,1,'2008-08-03 04:24:34','2016-05-17 16:28:45'),(41,41,41,1,'1996-10-27 12:57:43','2014-10-18 03:47:54'),(42,42,42,1,'1983-04-26 07:00:00','1987-09-20 13:30:00'),(43,43,43,1,'2006-07-31 07:29:11','1974-11-25 01:21:46'),(44,44,44,1,'1977-04-09 15:22:54','1986-07-07 19:53:44'),(45,45,45,1,'2012-12-20 05:08:34','2014-07-07 16:56:34'),(46,46,46,1,'2002-12-11 03:54:45','1972-10-16 17:21:51'),(47,47,47,1,'2002-12-16 05:43:56','2011-06-30 02:17:02'),(48,48,48,1,'2015-08-28 16:33:50','1994-06-29 12:45:41'),(49,49,49,1,'1974-06-15 16:19:44','2002-03-23 20:01:03'),(50,50,50,1,'2016-11-07 00:02:19','1977-03-13 10:01:56'),(51,51,51,1,'2012-05-25 04:08:54','1972-03-11 15:56:07'),(52,52,52,1,'1999-02-06 22:13:41','1973-07-04 02:54:02'),(53,53,53,1,'2002-04-24 14:53:51','1992-03-17 09:09:11'),(54,54,54,1,'2007-04-21 16:45:24','2005-10-26 21:06:37'),(55,55,55,1,'1983-07-19 11:36:36','1971-11-07 16:35:58'),(56,56,56,1,'1985-06-17 20:36:50','1985-03-27 09:12:17'),(57,57,57,1,'2011-08-01 00:05:44','2007-06-18 18:24:52'),(58,58,58,1,'1972-10-09 08:30:00','1984-11-09 04:05:46'),(59,59,59,1,'2015-02-17 21:06:38','2014-05-19 16:26:02'),(60,60,60,1,'2011-02-03 11:35:04','1991-06-28 16:53:21'),(61,61,61,1,'1975-10-10 09:27:45','1991-03-02 02:45:58'),(62,62,62,1,'1993-08-01 07:46:13','2010-02-03 22:45:49'),(63,63,63,1,'2020-04-09 20:16:42','2011-02-05 09:39:58'),(64,64,64,1,'2018-06-14 18:44:08','1985-02-27 07:45:43'),(65,65,65,1,'1989-04-13 11:46:35','2019-09-22 20:48:02'),(66,66,66,1,'1995-11-18 22:40:18','1979-01-30 07:26:56'),(67,67,67,1,'1993-03-09 04:13:42','1998-07-01 22:42:57'),(68,68,68,1,'2011-05-17 16:48:46','1979-03-25 07:47:32'),(69,69,69,1,'1988-04-27 14:36:34','1984-05-01 13:33:15'),(70,70,70,1,'1984-07-08 14:37:16','2005-10-09 16:49:57'),(71,71,71,1,'1979-04-04 14:23:13','1983-10-15 18:30:45'),(72,72,72,1,'1978-07-18 12:39:35','1979-12-31 19:57:43'),(73,73,73,1,'1994-09-13 04:07:49','1995-06-02 00:13:07'),(74,74,74,1,'1992-12-20 12:01:37','2018-10-17 04:18:42'),(75,75,75,1,'2003-10-26 06:44:56','1986-03-25 13:21:59'),(76,76,76,1,'1981-11-18 01:37:35','1993-07-12 05:06:09'),(77,77,77,1,'1982-06-08 07:40:52','2013-04-22 23:58:29'),(78,78,78,1,'1976-11-19 14:33:55','1999-07-27 02:11:17'),(79,79,79,1,'1989-06-25 01:11:50','2020-07-15 07:45:19'),(80,80,80,1,'1993-06-21 22:21:08','2020-07-08 20:38:13'),(81,81,81,1,'1985-12-10 12:41:37','2008-08-29 18:15:23'),(82,82,82,1,'1987-03-04 15:19:57','1994-06-18 12:25:35'),(83,83,83,1,'2009-06-21 04:26:06','2016-04-12 07:22:14'),(84,84,84,1,'1986-02-28 22:03:54','1997-05-29 21:56:57'),(85,85,85,1,'1989-09-19 21:09:25','1975-09-25 00:33:32'),(86,86,86,1,'2018-11-25 09:57:42','1990-05-21 18:03:25'),(87,87,87,1,'1987-07-19 10:09:28','2015-09-23 21:49:13'),(88,88,88,1,'2010-01-11 22:15:32','2000-11-02 23:52:21'),(89,89,89,1,'1977-07-11 18:23:38','2004-05-19 04:36:31'),(90,90,90,1,'1992-09-04 21:19:03','1991-07-20 01:58:54'),(91,91,91,1,'2011-01-08 10:49:56','2013-03-12 17:39:55'),(92,92,92,1,'2016-09-15 12:36:38','1979-09-13 13:28:16'),(93,93,93,1,'2011-09-22 01:29:16','1971-04-08 07:17:08'),(94,94,94,1,'1999-05-03 02:20:12','2018-08-28 19:19:10'),(95,95,95,1,'1987-03-15 22:07:45','2004-09-22 20:27:31'),(96,96,96,1,'2004-12-19 15:05:50','1989-03-20 07:32:07'),(97,97,97,1,'2016-08-08 13:23:24','1979-10-15 10:23:40'),(98,98,98,1,'1997-08-12 00:52:18','1973-10-26 15:35:35'),(99,99,99,1,'2008-06-29 21:22:11','1980-02-27 05:10:43'),(100,100,100,1,'2011-02-21 00:04:05','1974-05-11 15:21:13'),(101,1,1,1,'2000-03-16 04:06:28','2007-07-19 17:35:48'),(102,2,2,1,'1982-10-26 16:30:01','1971-11-25 00:46:20'),(103,3,3,1,'2005-12-10 17:26:05','1989-12-28 13:32:46'),(104,4,4,1,'1980-05-16 12:23:48','2008-07-07 22:06:22'),(105,5,5,1,'2005-12-15 15:49:52','1971-04-13 12:51:07'),(106,6,6,1,'1984-06-20 12:20:21','1990-09-07 08:59:52'),(107,7,7,1,'2012-07-29 05:41:55','2006-09-05 01:05:05'),(108,8,8,1,'2006-06-30 17:18:34','1988-12-18 21:30:10'),(109,9,9,1,'1977-03-16 14:36:30','1988-01-01 05:43:45'),(110,10,10,1,'2009-08-04 02:31:37','1996-11-28 20:07:26'),(111,11,11,1,'1991-05-16 04:04:07','2002-02-28 18:05:09'),(112,12,12,1,'1974-09-18 22:08:11','2016-03-14 11:20:12'),(113,13,13,1,'2010-07-10 18:29:49','2004-09-19 10:56:29'),(114,14,14,1,'1975-01-15 22:52:20','1991-08-01 17:13:41'),(115,15,15,1,'1985-05-24 15:37:49','1977-07-24 12:41:28'),(116,16,16,1,'2008-03-18 12:56:01','2019-03-22 19:39:26'),(117,17,17,1,'1970-11-22 16:20:20','2010-11-25 00:08:09'),(118,18,18,1,'2016-04-02 00:33:53','1995-10-07 17:15:03'),(119,19,19,1,'2012-03-13 18:50:21','2012-01-12 23:43:51'),(120,20,20,1,'2007-01-03 23:19:26','1983-11-20 14:14:26'),(121,21,21,1,'1992-04-21 22:44:44','1992-11-12 14:16:51'),(122,22,22,1,'1979-09-19 16:43:37','1982-02-22 08:58:30'),(123,23,23,1,'1990-09-20 16:08:24','1977-07-07 14:07:21'),(124,24,24,1,'1993-12-01 03:04:44','1986-06-17 13:06:50'),(125,25,25,1,'2001-03-30 22:56:48','1988-02-15 14:32:35'),(126,26,26,1,'2011-10-04 14:42:19','2007-02-28 19:38:16'),(127,27,27,1,'1982-09-03 21:24:06','2014-11-29 10:07:27'),(128,28,28,1,'1979-11-06 18:58:55','1985-02-09 15:23:23'),(129,29,29,1,'1980-08-18 09:42:55','1971-06-10 16:02:59'),(130,30,30,1,'1976-01-20 01:16:05','1988-12-21 04:30:47'),(131,31,31,1,'2001-06-21 05:08:06','1974-04-10 12:53:23'),(132,32,32,1,'1996-06-12 01:16:17','1981-11-09 07:12:38'),(133,33,33,1,'2013-01-11 15:00:51','2014-10-14 19:36:36'),(134,34,34,1,'1989-06-25 11:02:25','1993-12-05 02:25:24'),(135,35,35,1,'1994-07-07 03:57:29','2016-01-20 12:18:30'),(136,36,36,1,'2020-08-15 06:57:26','1972-02-15 19:53:18'),(137,37,37,1,'1975-04-07 15:23:53','1995-06-18 20:46:31'),(138,38,38,1,'2006-01-14 00:06:42','2012-10-19 10:38:50'),(139,39,39,1,'1997-03-17 16:21:09','1996-02-01 01:12:02'),(140,40,40,1,'2006-09-28 04:35:12','1989-10-26 04:36:28'),(141,41,41,1,'2002-04-07 03:28:58','2005-11-01 06:49:00'),(142,42,42,1,'1980-06-21 10:18:00','2013-05-07 01:11:15'),(143,43,43,1,'1982-11-27 19:26:48','2019-03-13 12:18:53'),(144,44,44,1,'2008-01-03 09:54:33','1989-01-02 10:37:22'),(145,45,45,1,'1992-03-10 00:11:52','1985-03-23 09:56:57'),(146,46,46,1,'1974-11-07 08:09:58','1978-09-11 17:21:47'),(147,47,47,1,'2005-05-04 15:31:22','2010-10-04 01:34:04'),(148,48,48,1,'2009-07-20 16:40:35','1990-04-27 05:55:51'),(149,49,49,1,'1994-05-16 04:26:10','1998-04-23 23:27:40'),(150,50,50,1,'1980-10-29 05:57:28','1973-09-11 02:53:05'),(151,51,51,1,'2001-02-07 04:42:08','1977-01-10 11:29:56'),(152,52,52,1,'2011-01-16 20:30:53','1992-07-05 01:52:22'),(153,53,53,1,'2018-06-22 13:25:11','1981-04-26 13:32:51'),(154,54,54,1,'1982-09-15 02:11:30','1985-09-20 01:23:27'),(155,55,55,1,'1984-02-12 12:23:47','1997-02-27 05:40:42'),(156,56,56,1,'2011-02-27 04:34:49','1985-12-04 09:31:05'),(157,57,57,1,'1981-04-17 08:03:33','1972-03-27 18:09:52'),(158,58,58,1,'1978-09-07 11:49:50','1986-02-07 12:23:57'),(159,59,59,1,'1982-03-18 14:30:13','2013-10-03 21:20:48'),(160,60,60,1,'2004-08-10 10:39:16','1970-08-19 12:08:11'),(161,61,61,1,'2000-09-30 07:14:06','2005-06-21 14:18:27'),(162,62,62,1,'1997-01-27 01:36:05','1980-03-05 16:02:46'),(163,63,63,1,'2003-03-30 12:47:22','1984-04-25 17:53:06'),(164,64,64,1,'2000-02-11 04:17:10','1978-12-28 17:31:38'),(165,65,65,1,'1986-09-01 17:22:05','2002-03-05 14:30:09'),(166,66,66,1,'2020-08-26 17:34:33','1982-07-28 07:18:16'),(167,67,67,1,'2016-05-25 02:33:12','2015-01-21 03:38:18'),(168,68,68,1,'2010-03-09 18:38:47','2016-06-07 02:55:27'),(169,69,69,1,'1980-11-10 22:20:43','2012-09-09 03:09:27'),(170,70,70,1,'1986-04-19 01:19:14','1974-10-14 22:35:07'),(171,71,71,1,'2004-06-23 10:17:13','1972-04-29 23:59:54'),(172,72,72,1,'1995-03-20 12:08:08','1984-10-26 21:39:37'),(173,73,73,1,'1974-01-30 21:23:12','1996-02-27 21:06:50'),(174,74,74,1,'2002-06-04 12:31:07','2002-12-01 19:47:33'),(175,75,75,1,'2012-02-17 13:01:47','1988-10-16 14:14:57'),(176,76,76,1,'1983-09-10 08:39:44','1984-08-04 03:44:08'),(177,77,77,1,'2003-07-06 12:08:38','1992-08-08 01:08:48'),(178,78,78,1,'1983-09-07 04:07:39','1988-02-16 00:56:13'),(179,79,79,1,'2003-04-09 04:11:03','2013-08-21 06:18:34'),(180,80,80,1,'2018-08-24 17:05:25','1978-03-09 08:30:30'),(181,81,81,1,'2011-03-11 09:54:05','1980-11-25 13:51:36'),(182,82,82,1,'2003-01-26 00:56:47','1990-07-24 12:58:24'),(183,83,83,1,'2015-04-20 23:30:05','1994-07-31 12:58:26'),(184,84,84,1,'2015-05-29 11:25:02','1973-11-06 07:23:48'),(185,85,85,1,'1995-01-07 05:05:46','2016-03-28 22:13:34'),(186,86,86,1,'1996-09-20 15:12:35','1973-10-25 08:49:50'),(187,87,87,1,'1984-02-19 07:03:52','2015-10-28 03:08:10'),(188,88,88,1,'2000-02-29 22:53:08','2003-02-03 05:01:46'),(189,89,89,1,'2012-01-26 11:05:46','1983-08-10 07:19:53'),(190,90,90,1,'2016-02-03 11:23:50','1974-05-24 15:10:32'),(191,91,91,1,'1981-05-14 22:21:35','2003-03-17 13:07:54'),(192,92,92,1,'2007-06-21 03:59:18','2011-04-20 20:59:19'),(193,93,93,1,'1984-05-04 13:19:16','1971-10-14 19:44:23'),(194,94,94,1,'1997-10-26 16:59:59','1973-02-24 02:44:45'),(195,95,95,1,'1971-05-28 19:50:13','2018-07-01 07:19:28'),(196,96,96,1,'1999-08-24 10:33:11','1975-11-15 06:36:24'),(197,97,97,1,'1984-03-22 08:52:24','2017-11-26 13:59:08'),(198,98,98,1,'2004-07-02 17:37:10','1983-10-31 09:13:15'),(199,99,99,1,'1994-01-11 02:29:35','1993-07-17 14:33:09'),(200,100,100,1,'2007-08-18 02:48:04','1972-07-18 12:16:46');
/*!40000 ALTER TABLE `orders_products` ENABLE KEYS */;
UNLOCK TABLES;

--
-- Table structure for table `products`
--

DROP TABLE IF EXISTS `products`;
/*!40101 SET @saved_cs_client     = @@character_set_client */;
/*!40101 SET character_set_client = utf8 */;
CREATE TABLE `products` (
  `id` bigint(20) unsigned NOT NULL AUTO_INCREMENT,
  `catalog_id` bigint(20) unsigned NOT NULL,
  `name` varchar(255) COLLATE utf8mb4_unicode_ci DEFAULT NULL COMMENT '????????',
  `desription` text COLLATE utf8mb4_unicode_ci DEFAULT NULL COMMENT '????????',
  `price` decimal(11,2) DEFAULT NULL COMMENT '????',
  `created_at` datetime DEFAULT current_timestamp(),
  `updated_at` datetime DEFAULT current_timestamp() ON UPDATE current_timestamp(),
  PRIMARY KEY (`id`),
  KEY `index_of_catalog_id` (`catalog_id`),
  CONSTRAINT `fk_products_catalog_id` FOREIGN KEY (`catalog_id`) REFERENCES `catalogs` (`id`)
) ENGINE=InnoDB AUTO_INCREMENT=101 DEFAULT CHARSET=utf8mb4 COLLATE=utf8mb4_unicode_ci COMMENT='???????? ???????';
/*!40101 SET character_set_client = @saved_cs_client */;

--
-- Dumping data for table `products`
--

LOCK TABLES `products` WRITE;
/*!40000 ALTER TABLE `products` DISABLE KEYS */;
INSERT INTO `products` VALUES (1,1,'doloribus','No, no! You\'re a serpent; and there\'s no use in knocking,\' said the King; \'and don\'t look at all this time, sat down in an offended tone, \'so I can\'t see you?\' She was a queer-shaped little.',105238793.43,'2011-12-20 03:51:06','1984-06-19 12:57:25'),(2,2,'est','Alice went on in the sea, some children digging in the sea, \'and in that case I can creep under the table: she opened the door as you can--\' \'Swim after them!\' screamed the Pigeon. \'I\'m NOT a.',9027733.00,'1987-04-11 15:05:29','1995-12-25 15:55:11'),(3,3,'eum','Down, down, down. There was not a moment that it was only too glad to do with you. Mind now!\' The poor little thing howled so, that he shook both his shoes off. \'Give your evidence,\' said the Mock.',440088020.67,'2018-01-30 00:54:20','2010-07-23 21:14:06'),(4,4,'optio','Pigeon; \'but I know who I WAS when I get it home?\' when it grunted again, and looking anxiously about her. \'Oh, do let me help to undo it!\' \'I shall be a walrus or hippopotamus, but then she walked.',152.38,'1991-11-18 21:11:03','2014-08-09 16:16:55'),(5,5,'reprehenderit','Alice, a good opportunity for making her escape; so she began very cautiously: \'But I don\'t know,\' he went on, very much to-night, I should think!\' (Dinah was the Duchess\'s voice died away, even in.',62020233.00,'1988-02-13 12:22:28','1988-09-12 21:36:09'),(6,6,'eum','Hatter. \'Does YOUR watch tell you his history,\' As they walked off together. Alice laughed so much at first, perhaps,\' said the others. \'Are their heads downward! The Antipathies, I think--\' (she.',25881.27,'2018-05-03 01:15:43','1974-10-10 15:23:01'),(7,7,'eaque','Pigeon had finished. \'As if I would talk on such a puzzled expression that she was considering in her hands, and began:-- \'You are old,\' said the Gryphon. \'It all came different!\' the Mock Turtle..',23874330.30,'1993-03-02 01:51:36','2016-03-16 12:01:28'),(8,8,'culpa','Dodo, a Lory and an old Turtle--we used to know. Let me see: four times seven is--oh dear! I wish I hadn\'t cried so much!\' said Alice, in a trembling voice:-- \'I passed by his garden, and I shall.',6430.97,'1980-06-09 04:28:32','1986-06-28 16:26:40'),(9,9,'impedit','Knave was standing before them, in chains, with a deep voice, \'are done with blacking, I believe.\' \'Boots and shoes under the sea,\' the Gryphon went on again:-- \'You may not have lived much under.',0.00,'2001-08-29 07:17:39','1972-10-24 02:29:21'),(10,10,'vel','Lacie, and Tillie; and they sat down, and felt quite strange at first; but she did not like to try the thing Mock Turtle sighed deeply, and began, in rather a complaining tone, \'and they all spoke.',3429.27,'1970-08-10 13:17:27','1998-07-29 18:09:40'),(11,11,'reprehenderit','HE went mad, you know--\' \'What did they live at the mushroom for a rabbit! I suppose it doesn\'t matter a bit,\' she thought it would,\' said the Lory, as soon as she added, \'and the moral of that dark.',195.24,'1994-01-05 20:04:12','1973-09-07 07:54:24'),(12,12,'vero','Alice: \'allow me to him: She gave me a good deal worse off than before, as the other.\' As soon as it happens; and if I was, I shouldn\'t like THAT!\' \'Oh, you can\'t take more.\' \'You mean you can\'t.',44259.75,'2010-02-10 00:54:59','1984-03-12 20:50:24'),(13,13,'autem','White Rabbit read:-- \'They told me he was obliged to say \"HOW DOTH THE LITTLE BUSY BEE,\" but it did not come the same thing,\' said the Cat, \'if you only kept on puzzling about it while the Mock.',464.01,'1992-11-10 21:18:53','2009-08-14 00:36:00'),(14,14,'quidem','I don\'t keep the same tone, exactly as if she had never been in a great hurry to change the subject. \'Ten hours the first really clever thing the King say in a shrill, loud voice, and see how he can.',18556.10,'2010-03-22 11:05:50','1992-10-30 02:46:43'),(15,15,'enim','How puzzling all these strange Adventures of hers would, in the window, and on it were white, but there was the first witness,\' said the Hatter: \'I\'m on the shingle--will you come and join the.',1185303.28,'1987-10-22 14:01:56','2011-09-21 06:27:51'),(16,16,'sit','COULD! I\'m sure she\'s the best thing to eat the comfits: this caused some noise and confusion, as the White Rabbit as he said to herself, and shouted out, \'You\'d better not do that again!\' which.',40.87,'1992-07-16 03:34:43','2017-09-23 20:17:28'),(17,17,'nemo','Alice put down yet, before the trial\'s begun.\' \'They\'re putting down their names,\' the Gryphon in an offended tone. And the Gryphon never learnt it.\' \'Hadn\'t time,\' said the cook. The King turned.',58888.35,'1983-10-15 13:06:38','1972-11-01 03:43:05'),(18,18,'culpa','I wish you wouldn\'t squeeze so.\' said the Hatter: \'but you could draw treacle out of the players to be two people. \'But it\'s no use in saying anything more till the puppy\'s bark sounded quite faint.',125673556.38,'2012-11-15 23:52:54','1983-11-30 10:16:36'),(19,19,'vero','Alice put down yet, before the end of the bread-and-butter. Just at this moment the door and found that her flamingo was gone across to the King, \'that only makes the matter worse. You MUST have.',2.26,'1989-02-23 05:07:29','1983-07-18 00:57:41'),(20,20,'excepturi','King exclaimed, turning to Alice: he had come to an end! \'I wonder how many miles I\'ve fallen by this time). \'Don\'t grunt,\' said Alice; \'that\'s not at all the while, and fighting for the hot day.',700118.20,'1978-09-18 21:25:56','2002-06-15 00:11:39'),(21,21,'omnis','Cat again, sitting on the bank, and of having the sentence first!\' \'Hold your tongue, Ma!\' said the Hatter: \'let\'s all move one place on.\' He moved on as he found it advisable--\"\' \'Found WHAT?\' said.',0.00,'1983-02-27 00:22:13','2006-09-02 16:45:58'),(22,22,'saepe','I think I must have a trial: For really this morning I\'ve nothing to do: once or twice, and shook itself. Then it got down off the cake. * * * * * * * * * * * * * * * * * * * * * * * * * * * * * * *.',38211398.60,'2006-10-10 11:07:04','2005-12-17 21:22:34'),(23,23,'nisi','I should be raving mad after all! I almost wish I\'d gone to see that she wasn\'t a really good school,\' said the Lory. Alice replied in a court of justice before, but she could not be denied, so she.',806204141.99,'2004-09-26 16:51:04','2003-11-17 13:01:01'),(24,24,'quos','Caterpillar. \'Well, perhaps not,\' said Alice to herself. \'Of the mushroom,\' said the King, rubbing his hands; \'so now let the jury--\' \'If any one of these cakes,\' she thought, \'and hand round the.',49.40,'2018-04-11 22:36:51','2000-10-20 12:59:41'),(25,25,'sed','She was looking for eggs, as it happens; and if I fell off the subjects on his knee, and the other side will make you grow taller, and the other side, the puppy began a series of short charges at.',19210.24,'1984-01-13 20:25:43','1989-08-08 11:52:36'),(26,26,'ut','I\'ll be jury,\" Said cunning old Fury: \"I\'ll try the effect: the next question is, what did the Dormouse said--\' the Hatter asked triumphantly. Alice did not get dry very soon. \'Ahem!\' said the.',7518824.97,'2018-12-30 05:50:01','2004-12-28 22:53:44'),(27,27,'necessitatibus','YOU?\' said the young lady to see that she had found the fan and two or three of her sharp little chin. \'I\'ve a right to think,\' said Alice aloud, addressing nobody in particular. \'She\'d soon fetch.',0.00,'2007-04-28 22:39:43','1975-02-01 02:24:09'),(28,28,'voluptatum','CHAPTER VIII. The Queen\'s argument was, that anything that looked like the name: however, it only grinned when it grunted again, and said, \'It WAS a narrow escape!\' said Alice, very much to-night, I.',230040786.95,'1989-10-22 14:42:44','2009-07-01 08:27:55'),(29,29,'quae','After a while, finding that nothing more to be a book of rules for shutting people up like a writing-desk?\' \'Come, we shall get on better.\' \'I\'d rather finish my tea,\' said the Hatter. \'You might.',0.00,'1983-10-05 15:59:05','2012-01-15 16:01:38'),(30,30,'voluptates','Bill, the Lizard) could not think of nothing else to do, and perhaps after all it might appear to others that what you would have done just as well as if she meant to take MORE than nothing.\'.',344651.24,'1974-04-07 16:23:57','2019-01-12 02:40:16'),(31,31,'minus','Allow me to him: She gave me a pair of gloves and a pair of boots every Christmas.\' And she kept on good terms with him, he\'d do almost anything you liked with the Lory, who at last it sat down.',6.98,'1975-09-14 22:42:09','1975-11-18 18:59:42'),(32,32,'distinctio','She did not like to drop the jar for fear of killing somebody, so managed to swallow a morsel of the pack, she could for sneezing. There was nothing on it except a little of it?\' said the Gryphon:.',15846.16,'2005-03-02 02:12:26','1994-03-01 06:21:54'),(33,33,'velit','Queen. \'You make me larger, it must be growing small again.\' She got up and said, \'So you think you can find them.\' As she said to herself, \'it would be very likely it can talk: at any rate,\' said.',5.00,'2007-09-11 03:52:49','1993-06-24 15:30:47'),(34,34,'tempora','So you see, Miss, this here ought to be done, I wonder?\' Alice guessed who it was, and, as a boon, Was kindly permitted to pocket the spoon: While the Duchess began in a sort of people live about.',1417168.27,'1989-03-30 13:55:14','2013-08-31 16:58:00'),(35,35,'voluptas','Like a tea-tray in the middle, being held up by a very difficult question. However, at last came a little door was shut again, and that\'s very like having a game of croquet she was talking. \'How CAN.',120.80,'2002-09-20 07:05:35','2012-06-08 04:00:33'),(36,36,'et','King, the Queen, who was beginning to end,\' said the Duchess: \'what a clear way you go,\' said the Hatter: \'I\'m on the second thing is to France-- Then turn not pale, beloved snail, but come and join.',5144276.15,'1985-03-04 10:57:40','1982-04-17 04:28:01'),(37,37,'consequatur','Dormouse denied nothing, being fast asleep. \'After that,\' continued the Pigeon, raising its voice to a day-school, too,\' said Alice; \'it\'s laid for a few yards off. The Cat only grinned when it had.',420890.85,'2010-06-16 12:52:02','2014-11-15 23:52:44'),(38,38,'praesentium','Alice! when she was always ready to make out that it might happen any minute, \'and then,\' thought Alice, \'or perhaps they won\'t walk the way YOU manage?\' Alice asked. The Hatter shook his head.',10370.75,'2009-09-18 13:11:19','1992-11-16 11:09:16'),(39,39,'magnam','Dormouse!\' And they pinched it on both sides of the lefthand bit. * * * * * * * * * * * * * * * * * * * * * * * * * * * * * * * * * * * * * * * * \'Come, my head\'s free at last!\' said Alice.',933.00,'2017-11-16 23:55:36','2019-07-16 03:23:36'),(40,40,'similique','Alice; \'I might as well say that \"I see what the next witness.\' And he added in a low curtain she had but to her great disappointment it was only sobbing,\' she thought, \'it\'s sure to kill it in less.',330069631.99,'1976-08-04 05:08:55','1991-07-30 14:04:49'),(41,41,'nisi','Hatter hurriedly left the court, without even waiting to put it more clearly,\' Alice replied in an encouraging tone. Alice looked at her, and she sat still and said nothing. \'When we were little,\'.',0.00,'2001-01-04 04:54:42','1987-02-06 23:04:20'),(42,42,'ut','VERY deeply with a sigh: \'it\'s always tea-time, and we\'ve no time to begin with.\' \'A barrowful will do, to begin with,\' said the March Hare, who had been looking at them with large eyes like a.',139546.36,'1991-02-12 21:19:50','1976-11-01 05:51:29'),(43,43,'fugit','Alice, and, after waiting till she fancied she heard was a little before she gave a little of the ground.\' So she began thinking over other children she knew, who might do something better with the.',425.83,'2017-03-07 06:31:52','1989-08-28 12:58:34'),(44,44,'sit','Prizes!\' Alice had learnt several things of this was his first speech. \'You should learn not to her, \'if we had the door opened inwards, and Alice\'s elbow was pressed hard against it, that attempt.',1408.40,'1985-11-17 23:56:45','1984-01-13 09:16:21'),(45,45,'voluptatem','Alice. The poor little thing grunted in reply (it had left off sneezing by this time, and was going on, as she couldn\'t answer either question, it didn\'t much matter which way it was empty: she did.',0.00,'1979-01-05 13:10:21','2008-10-09 22:02:01'),(46,46,'quasi','Alice hastily replied; \'only one doesn\'t like changing so often, you know.\' He was looking at the top with its eyelids, so he with his nose Trims his belt and his buttons, and turns out his toes.\'.',0.00,'1978-08-12 19:32:07','2006-02-04 09:06:35'),(47,47,'fuga','Hatter went on, very much of a well?\' \'Take some more of the bill, \"French, music, AND WASHING--extra.\"\' \'You couldn\'t have wanted it much,\' said Alice, \'how am I then? Tell me that first, and then.',2.09,'2019-08-21 01:44:15','1992-02-25 21:48:27'),(48,48,'quod','MYSELF, I\'m afraid, sir\' said Alice, \'I\'ve often seen them so often, you know.\' \'I DON\'T know,\' said the Queen, tossing her head pressing against the roof of the suppressed guinea-pigs, filled the.',1397.26,'1989-09-04 13:43:03','2012-09-09 05:00:59'),(49,49,'quis','I suppose?\' said Alice. \'Why not?\' said the Caterpillar. Alice said with some difficulty, as it was in March.\' As she said this, she looked down into its eyes by this time, and was just in time to.',7613087.90,'2019-12-10 04:48:58','2008-05-08 20:15:25'),(50,50,'et','In a minute or two. \'They couldn\'t have done that?\' she thought. \'I must go and take it away!\' There was not quite know what a Gryphon is, look at them--\'I wish they\'d get the trial done,\' she.',555009.53,'1985-04-29 09:06:37','2004-08-18 09:59:29'),(51,51,'aspernatur','Alice led the way, and nothing seems to like her, down here, and I\'m I, and--oh dear, how puzzling it all came different!\' the Mock Turtle. \'And how did you do either!\' And the Gryphon as if she.',0.45,'1970-09-21 07:42:11','1990-01-12 23:16:08'),(52,52,'dolor','They had not as yet had any sense, they\'d take the place of the song. \'What trial is it?\' he said. \'Fifteenth,\' said the King. \'Nearly two miles high,\' added the Gryphon; and then hurried on, Alice.',58.30,'2001-01-28 19:16:35','1980-06-25 17:36:10'),(53,53,'ratione','MORE than nothing.\' \'Nobody asked YOUR opinion,\' said Alice. \'Nothing WHATEVER?\' persisted the King. \'Nothing whatever,\' said Alice. \'That\'s very curious!\' she thought. \'But everything\'s curious.',7539540.10,'2014-12-12 16:42:59','1987-01-12 09:47:02'),(54,54,'et','I think.\' And she began looking at the other guinea-pig cheered, and was going to remark myself.\' \'Have you seen the Mock Turtle said with some surprise that the Queen say only yesterday you.',0.00,'1978-06-20 13:53:12','1972-05-31 03:38:03'),(55,55,'consequuntur','Mock Turtle said: \'I\'m too stiff. And the Gryphon replied very gravely. \'What else have you executed.\' The miserable Hatter dropped his teacup and bread-and-butter, and then quietly marched off.',20.17,'1991-12-18 02:25:32','1982-05-24 07:49:15'),(56,56,'perspiciatis','Caterpillar. \'Not QUITE right, I\'m afraid,\' said Alice, a little ledge of rock, and, as the door opened inwards, and Alice\'s elbow was pressed so closely against her foot, that there was no use.',631.06,'1987-04-21 13:12:33','2004-10-10 05:17:32'),(57,57,'quasi','Adventures of hers would, in the sea. But they HAVE their tails fast in their mouths; and the pool rippling to the other side, the puppy jumped into the loveliest garden you ever eat a bat?\' when.',0.67,'1985-01-08 05:44:20','2015-03-26 02:46:26'),(58,58,'sint','Panther received knife and fork with a knife, it usually bleeds; and she tried to open them again, and all sorts of things, and she, oh! she knows such a fall as this, I shall only look up and.',37.86,'1986-07-21 04:21:07','2000-08-14 14:34:52'),(59,59,'in','Alice started to her that she had found the fan and gloves. \'How queer it seems,\' Alice said very politely, \'if I had it written up somewhere.\' Down, down, down. Would the fall NEVER come to the.',10155807.45,'1990-03-21 11:49:45','2003-04-24 14:32:41'),(60,60,'ut','Gryphon. \'I\'ve forgotten the words.\' So they sat down with wonder at the Caterpillar\'s making such a nice little histories about children who had meanwhile been examining the roses. \'Off with her.',511379.20,'1971-03-11 11:08:34','2016-06-03 22:48:06'),(61,61,'dolore','King. The White Rabbit cried out, \'Silence in the air, mixed up with the next verse.\' \'But about his toes?\' the Mock Turtle recovered his voice, and, with tears running down his cheeks, he went on,.',456776.51,'1995-10-08 16:19:05','1995-09-21 21:41:26'),(62,62,'illum','Hatter, and, just as well as the doubled-up soldiers were always getting up and said, very gravely, \'I think, you ought to be done, I wonder?\' Alice guessed who it was, and, as there seemed to be in.',65452.86,'1996-11-08 01:21:58','1984-04-03 14:21:30'),(63,63,'et','T!\' said the Mock Turtle would be worth the trouble of getting her hands on her hand, watching the setting sun, and thinking of little animals and birds waiting outside. The poor little feet, I.',195932630.97,'1970-02-12 19:00:08','1999-12-11 23:55:10'),(64,64,'sed','Alice had no pictures or conversations in it, and burning with curiosity, she ran off at once: one old Magpie began wrapping itself up very carefully, with one of the cattle in the pool rippling to.',2009658.75,'2020-09-05 01:20:44','1982-12-17 16:41:24'),(65,65,'in','Rabbit Sends in a low, trembling voice. \'There\'s more evidence to come out among the bright eager eyes were getting so thin--and the twinkling of the Lobster Quadrille?\' the Gryphon as if it thought.',364906.00,'1980-12-01 21:27:43','1973-09-17 02:35:26'),(66,66,'saepe','Two. Two began in a frightened tone. \'The Queen of Hearts, and I could say if I was, I shouldn\'t like THAT!\' \'Oh, you can\'t swim, can you?\' he added, turning to the jury, of course--\"I GAVE HER ONE,.',61674934.60,'2015-06-13 19:23:26','2019-08-01 19:40:25'),(67,67,'molestiae','She did not venture to go from here?\' \'That depends a good deal frightened at the end.\' \'If you please, sir--\' The Rabbit started violently, dropped the white kid gloves while she was near enough to.',144999.90,'1995-04-13 21:58:47','1995-12-09 06:03:18'),(68,68,'possimus','Indeed, she had sat down a good way off, and she crossed her hands on her toes when they passed too close, and waving their forepaws to mark the time, while the rest of the Gryphon, and the three.',59683.09,'2009-11-03 22:30:26','1976-11-26 04:04:25'),(69,69,'eius','Mystery,\' the Mock Turtle repeated thoughtfully. \'I should think you\'ll feel it a bit, if you could manage it?) \'And what are YOUR shoes done with?\' said the Queen. \'Their heads are gone, if it.',21.85,'1973-08-06 12:26:04','1975-09-21 08:56:14'),(70,70,'id','I am so VERY much out of sight before the trial\'s over!\' thought Alice. \'I\'m glad I\'ve seen that done,\' thought Alice. \'Now we shall get on better.\' \'I\'d rather finish my tea,\' said the Gryphon went.',392849.00,'2014-10-26 07:34:52','2013-06-14 17:12:17'),(71,71,'velit','M--\' \'Why with an air of great surprise. \'Of course they were\', said the Hatter. \'You MUST remember,\' remarked the King, the Queen, \'Really, my dear, and that in about half no time! Take your.',0.30,'2015-12-14 16:59:30','2014-10-25 01:51:05'),(72,72,'provident','Do cats eat bats?\' and sometimes, \'Do bats eat cats?\' for, you see, so many out-of-the-way things to happen, that it was the first witness,\' said the King said gravely, \'and go on for some time in.',224.22,'2020-09-11 23:07:17','1995-06-12 11:51:58'),(73,73,'recusandae','Gryphon only answered \'Come on!\' and ran the faster, while more and more faintly came, carried on the other queer noises, would change to tinkling sheep-bells, and the happy summer days. THE.',0.00,'2017-08-29 04:11:12','2015-01-31 03:44:36'),(74,74,'sequi','Quick, now!\' And Alice was beginning very angrily, but the cook till his eyes very wide on hearing this; but all he SAID was, \'Why is a long sleep you\'ve had!\' \'Oh, I\'ve had such a hurry that she.',7.00,'2007-01-24 12:27:36','1972-06-20 03:37:45'),(75,75,'sed','Alice started to her feet, for it was looking up into a conversation. \'You don\'t know much,\' said the Mouse. \'--I proceed. \"Edwin and Morcar, the earls of Mercia and Northumbria--\"\' \'Ugh!\' said the.',122987737.33,'1984-02-24 16:07:27','2017-12-27 03:41:19'),(76,76,'aut','King, the Queen, who was reading the list of the words \'DRINK ME,\' but nevertheless she uncorked it and put it in a natural way. \'I thought it would,\' said the Pigeon the opportunity of saying to.',5842.15,'2020-06-11 15:54:56','2003-06-04 02:11:15'),(77,77,'quod','Alice thought to herself, rather sharply; \'I advise you to offer it,\' said the Footman, \'and that for the immediate adoption of more broken glass.) \'Now tell me, Pat, what\'s that in the direction it.',0.00,'1992-03-14 14:23:04','2008-06-05 12:24:54'),(78,78,'id','Caterpillar sternly. \'Explain yourself!\' \'I can\'t help it,\' said the March Hare interrupted in a hoarse, feeble voice: \'I heard every word you fellows were saying.\' \'Tell us a story.\' \'I\'m afraid I.',288979.40,'2019-03-18 01:11:12','1983-03-29 18:08:31'),(79,79,'omnis','I am! But I\'d better take him his fan and gloves, and, as they were filled with tears running down his face, as long as there was silence for some way of expecting nothing but a pack of cards, after.',6409672.77,'1989-06-25 08:41:50','2007-12-28 12:12:44'),(80,80,'molestiae','I\'ll be jury,\" Said cunning old Fury: \"I\'ll try the patience of an oyster!\' \'I wish you wouldn\'t keep appearing and vanishing so suddenly: you make one repeat lessons!\' thought Alice; but she could.',171963.90,'1973-04-09 09:47:32','1997-02-05 09:38:32'),(81,81,'qui','Cat, as soon as it went, \'One side will make you grow shorter.\' \'One side will make you dry enough!\' They all returned from him to be sure! However, everything is queer to-day.\' Just then her head.',619710683.32,'2001-01-25 14:10:30','1974-08-04 08:13:38'),(82,82,'unde','Hatter, \'when the Queen put on his flappers, \'--Mystery, ancient and modern, with Seaography: then Drawling--the Drawling-master was an old conger-eel, that used to say \'creatures,\' you see, Miss,.',4.00,'2019-07-24 21:23:50','1988-02-18 08:47:43'),(83,83,'id','Hatter. He had been to the Knave of Hearts, she made it out to sea!\" But the insolence of his great wig.\' The judge, by the fire, licking her paws and washing her face--and she is such a tiny golden.',29992611.46,'2000-10-13 01:40:39','1997-03-29 09:49:54'),(84,84,'impedit','Duchess\'s cook. She carried the pepper-box in her own children. \'How should I know?\' said Alice, (she had grown so large a house, that she hardly knew what she did, she picked up a little of the.',30.74,'1980-02-18 23:47:23','1985-10-22 21:40:53'),(85,85,'enim','Alice,) \'Well, I hardly know--No more, thank ye; I\'m better now--but I\'m a hatter.\' Here the Queen said severely \'Who is this?\' She said the Caterpillar. \'Not QUITE right, I\'m afraid,\' said Alice,.',528898521.74,'1973-02-15 09:11:13','1991-10-05 13:48:34'),(86,86,'ratione','Turtle.\' These words were followed by a very difficult question. However, at last it sat down and cried. \'Come, there\'s no use their putting their heads down! I am so VERY much out of sight; and an.',74477.44,'2019-03-28 19:38:01','1994-03-13 22:19:03'),(87,87,'et','Mock Turtle angrily: \'really you are very dull!\' \'You ought to be told so. \'It\'s really dreadful,\' she muttered to herself, \'in my going out altogether, like a tunnel for some while in silence. At.',61.43,'2017-11-16 04:38:23','1981-08-12 16:55:01'),(88,88,'incidunt','Rabbit\'s voice; and the great hall, with the Queen,\' and she could not help thinking there MUST be more to be no chance of this, so she felt a little startled when she looked up, but it all seemed.',206.39,'1985-12-17 02:27:43','2020-03-20 00:37:59'),(89,89,'quos','Hatter continued, \'in this way:-- \"Up above the world you fly, Like a tea-tray in the schoolroom, and though this was his first speech. \'You should learn not to her, though, as they all stopped and.',313251.06,'1999-09-29 18:31:19','2002-03-19 01:05:35'),(90,90,'magni','Mock Turtle angrily: \'really you are very dull!\' \'You ought to be executed for having cheated herself in a louder tone. \'ARE you to leave the room, when her eye fell on a three-legged stool in the.',0.00,'2004-03-18 02:48:55','2003-05-22 19:10:59'),(91,91,'cum','I breathe\"!\' \'It IS a Caucus-race?\' said Alice; \'but when you have just been reading about; and when Alice had no very clear notion how long ago anything had happened.) So she began: \'O Mouse, do.',2.28,'2019-02-16 23:31:37','1999-06-04 06:38:43'),(92,92,'repellat','I must, I must,\' the King hastily said, and went to the other, and growing sometimes taller and sometimes she scolded herself so severely as to the jury. They were indeed a queer-looking party that.',62.66,'2009-12-15 05:49:55','2013-06-23 23:46:19'),(93,93,'culpa','So they had a door leading right into a graceful zigzag, and was just possible it had grown to her that she tipped over the edge of her own courage. \'It\'s no use in talking to him,\' the Mock Turtle.',2024125.09,'2016-05-18 06:26:41','1986-11-24 11:59:32'),(94,94,'et','Mock Turtle persisted. \'How COULD he turn them out again. That\'s all.\' \'Thank you,\' said the Hatter. \'You MUST remember,\' remarked the King, the Queen, who was gently brushing away some dead leaves.',457509106.13,'1982-11-17 04:21:56','2002-12-16 10:32:13'),(95,95,'sunt','March Hare. \'Sixteenth,\' added the Queen. \'Can you play croquet with the tea,\' the Hatter were having tea at it: a Dormouse was sitting on the Duchess\'s cook. She carried the pepper-box in her life,.',825863190.66,'1988-01-29 17:42:53','2004-09-13 00:12:02'),(96,96,'voluptatibus','Alice. \'I wonder what CAN have happened to you? Tell us all about as curious as it left no mark on the ground as she couldn\'t answer either question, it didn\'t sound at all fairly,\' Alice began, in.',0.86,'1998-06-27 13:52:25','1998-02-24 11:02:20'),(97,97,'perspiciatis','Even the Duchess was VERY ugly; and secondly, because they\'re making such a nice soft thing to get to,\' said the Queen, who were all locked; and when she looked up and to hear it say, as it spoke..',257.00,'1978-04-24 20:24:13','1997-06-12 19:42:27'),(98,98,'et','I to get an opportunity of saying to herself \'Now I can kick a little!\' She drew her foot as far down the chimney!\' \'Oh! So Bill\'s got the other--Bill! fetch it here, lad!--Here, put \'em up at the.',5060.08,'1982-01-19 06:51:32','2011-08-21 10:05:11'),(99,99,'repudiandae','Alice could speak again. The Mock Turtle said: \'advance twice, set to work at once set to work very carefully, with one elbow against the roof was thatched with fur. It was as long as I do,\' said.',0.00,'2006-05-26 19:02:20','2005-02-20 08:27:22'),(100,100,'perspiciatis','And the Gryphon answered, very nearly in the back. At last the Dodo solemnly, rising to its feet, ran round the neck of the month, and doesn\'t tell what o\'clock it is!\' As she said these words her.',7.64,'1997-03-28 22:11:23','2011-03-26 19:51:13');
/*!40000 ALTER TABLE `products` ENABLE KEYS */;
UNLOCK TABLES;

--
-- Table structure for table `profiles`
--

DROP TABLE IF EXISTS `profiles`;
/*!40101 SET @saved_cs_client     = @@character_set_client */;
/*!40101 SET character_set_client = utf8 */;
CREATE TABLE `profiles` (
  `id` bigint(20) unsigned NOT NULL AUTO_INCREMENT,
  `user_id` bigint(20) unsigned NOT NULL,
  `country_id` bigint(20) unsigned NOT NULL,
  `city_id` bigint(20) unsigned NOT NULL,
  `gender` char(1) COLLATE utf8mb4_unicode_ci DEFAULT NULL COMMENT '???',
  `birthday` date DEFAULT NULL COMMENT '???? ????????',
  `created_at` datetime DEFAULT current_timestamp(),
  `hometown` varchar(60) COLLATE utf8mb4_unicode_ci DEFAULT NULL,
  PRIMARY KEY (`id`),
  KEY `country_id` (`country_id`),
  KEY `city_id` (`city_id`),
  KEY `user_id` (`user_id`),
  CONSTRAINT `profiles_ibfk_1` FOREIGN KEY (`country_id`) REFERENCES `country` (`id`),
  CONSTRAINT `profiles_ibfk_2` FOREIGN KEY (`city_id`) REFERENCES `city` (`id`),
  CONSTRAINT `profiles_ibfk_3` FOREIGN KEY (`user_id`) REFERENCES `users` (`id`)
) ENGINE=InnoDB AUTO_INCREMENT=101 DEFAULT CHARSET=utf8mb4 COLLATE=utf8mb4_unicode_ci;
/*!40101 SET character_set_client = @saved_cs_client */;

--
-- Dumping data for table `profiles`
--

LOCK TABLES `profiles` WRITE;
/*!40000 ALTER TABLE `profiles` DISABLE KEYS */;
INSERT INTO `profiles` VALUES (1,1,1,1,'D','2003-03-31','1973-10-02 21:10:14',NULL),(2,2,2,2,'D','1995-03-11','1990-07-07 03:33:47',NULL),(3,3,3,3,'P','2020-03-21','1978-08-05 21:27:55',NULL),(4,4,4,4,'M','2001-01-02','2006-08-22 06:43:35',NULL),(5,5,5,5,'D','1990-03-07','1988-03-03 21:52:46',NULL),(6,6,6,6,'M','2003-02-02','1993-08-25 15:13:35',NULL),(7,7,7,7,'D','2007-02-14','1985-03-11 13:10:27',NULL),(8,8,8,8,'M','1996-12-08','2000-01-17 05:04:27',NULL),(9,9,9,9,'P','1973-09-05','2008-11-06 22:27:25',NULL),(10,10,10,10,'M','2004-07-03','1985-12-25 17:51:36',NULL),(11,11,11,11,'M','1993-04-05','1975-02-21 10:02:25',NULL),(12,12,12,12,'P','2013-08-09','1974-01-30 11:04:49',NULL),(13,13,13,13,'D','1971-11-01','1999-04-29 18:54:10',NULL),(14,14,14,14,'D','1979-01-25','1980-11-16 21:57:24',NULL),(15,15,15,15,'M','2015-09-27','1998-12-11 21:55:12',NULL),(16,16,16,16,'P','2014-06-11','2009-10-23 20:01:19',NULL),(17,17,17,17,'M','1980-07-12','2010-03-01 05:43:35',NULL),(18,18,18,18,'M','2008-09-05','1986-05-27 20:04:51',NULL),(19,19,19,19,'M','2007-07-10','1982-12-22 13:17:54',NULL),(20,20,20,20,'P','2004-04-26','1979-09-17 00:12:43',NULL),(21,21,21,21,'M','2010-12-09','2001-03-03 17:09:15',NULL),(22,22,22,22,'D','2004-07-31','1987-08-23 06:33:48',NULL),(23,23,23,23,'M','2018-10-04','2019-09-08 10:49:33',NULL),(24,24,24,24,'D','1996-01-24','2012-03-24 15:21:16',NULL),(25,25,25,25,'D','2017-06-26','1973-01-01 01:38:20',NULL),(26,26,26,26,'M','2017-05-15','1999-01-28 17:17:57',NULL),(27,27,27,27,'M','2008-12-21','2010-09-26 01:32:49',NULL),(28,28,28,28,'D','1992-11-15','1982-01-07 07:16:15',NULL),(29,29,29,29,'M','1988-11-16','2013-02-13 22:39:11',NULL),(30,30,30,30,'P','1984-10-16','2013-04-27 20:24:04',NULL),(31,31,31,31,'M','1970-12-14','1995-04-17 09:57:40',NULL),(32,32,32,32,'D','1986-02-19','1985-06-23 07:55:30',NULL),(33,33,33,33,'M','1984-07-15','1977-02-06 01:09:29',NULL),(34,34,34,34,'D','2010-10-13','1997-09-19 12:37:01',NULL),(35,35,35,35,'M','1994-01-26','1988-04-27 03:35:26',NULL),(36,36,36,36,'P','2001-07-10','1991-07-21 20:18:05',NULL),(37,37,37,37,'D','2018-11-23','1998-12-26 13:53:37',NULL),(38,38,38,38,'M','1978-08-29','2001-11-13 22:58:54',NULL),(39,39,39,39,'P','1997-05-12','1996-05-05 15:25:44',NULL),(40,40,40,40,'P','2013-05-25','1994-06-03 10:48:55',NULL),(41,41,41,41,'D','2016-01-08','2005-10-21 23:55:37',NULL),(42,42,42,42,'D','2014-09-17','1996-03-10 09:37:14',NULL),(43,43,43,43,'M','2007-05-23','2008-03-30 09:21:05',NULL),(44,44,44,44,'M','1992-02-23','2020-01-26 15:06:37',NULL),(45,45,45,45,'M','1977-10-22','1996-11-19 22:25:43',NULL),(46,46,46,46,'P','1991-10-19','1995-09-01 17:52:09',NULL),(47,47,47,47,'M','1990-09-24','2017-10-17 15:24:26',NULL),(48,48,48,48,'D','1999-07-03','1972-01-05 08:18:39',NULL),(49,49,49,49,'P','1978-07-19','1986-11-03 07:29:01',NULL),(50,50,50,50,'P','1986-09-27','2016-02-05 02:33:01',NULL),(51,51,51,51,'P','1986-06-26','2014-10-02 17:10:49',NULL),(52,52,52,52,'D','2007-01-18','2020-11-26 11:19:19',NULL),(53,53,53,53,'M','1991-09-21','1978-03-07 12:38:36',NULL),(54,54,54,54,'D','1996-01-27','2008-03-05 23:34:46',NULL),(55,55,55,55,'M','1980-09-09','1990-06-14 02:30:35',NULL),(56,56,56,56,'D','1972-05-03','2009-07-09 13:08:04',NULL),(57,57,57,57,'M','1984-06-21','1970-06-11 22:50:18',NULL),(58,58,58,58,'M','1989-06-22','2004-09-22 14:45:00',NULL),(59,59,59,59,'M','1980-02-04','1974-08-01 16:55:59',NULL),(60,60,60,60,'M','2020-10-28','1982-02-03 04:19:25',NULL),(61,61,61,61,'D','1997-09-18','1983-01-20 08:14:18',NULL),(62,62,62,62,'M','1988-05-13','2002-11-05 23:40:48',NULL),(63,63,63,63,'P','2002-05-10','1977-04-05 06:11:00',NULL),(64,64,64,64,'M','1989-11-20','2017-09-23 05:18:26',NULL),(65,65,65,65,'P','1981-07-31','2017-12-08 09:49:42',NULL),(66,66,66,66,'P','1985-10-22','1985-09-15 04:23:49',NULL),(67,67,67,67,'M','2016-04-13','1980-11-29 01:16:25',NULL),(68,68,68,68,'D','1980-05-18','2009-11-15 08:49:19',NULL),(69,69,69,69,'P','2018-07-22','1996-01-19 14:08:08',NULL),(70,70,70,70,'D','1988-08-26','1997-12-31 14:02:46',NULL),(71,71,71,71,'D','1984-10-30','2001-09-14 09:18:16',NULL),(72,72,72,72,'P','2010-11-30','1976-03-16 20:43:45',NULL),(73,73,73,73,'M','1970-06-21','2016-10-29 20:45:22',NULL),(74,74,74,74,'M','1972-03-26','2008-02-09 00:55:29',NULL),(75,75,75,75,'P','2001-10-31','1972-09-19 22:35:41',NULL),(76,76,76,76,'P','2009-11-29','1997-05-02 15:58:17',NULL),(77,77,77,77,'M','1985-07-06','1988-04-04 18:12:28',NULL),(78,78,78,78,'M','1991-12-26','2018-07-30 18:59:04',NULL),(79,79,79,79,'M','2014-03-20','2006-05-09 08:19:16',NULL),(80,80,80,80,'M','1984-07-22','1988-02-26 09:38:59',NULL),(81,81,81,81,'P','2017-05-17','1990-09-08 17:19:53',NULL),(82,82,82,82,'M','2019-05-06','2005-03-15 01:41:25',NULL),(83,83,83,83,'M','1991-03-19','2013-02-12 19:25:06',NULL),(84,84,84,84,'M','1999-05-01','2009-11-09 02:21:52',NULL),(85,85,85,85,'M','2002-11-04','2003-07-02 20:03:27',NULL),(86,86,86,86,'M','1979-04-15','2009-04-19 19:58:29',NULL),(87,87,87,87,'P','1977-09-01','2020-08-03 18:27:08',NULL),(88,88,88,88,'D','2007-03-29','1989-11-22 21:22:27',NULL),(89,89,89,89,'M','1972-03-31','2018-05-25 15:22:36',NULL),(90,90,90,90,'P','2014-04-09','1982-12-22 12:13:13',NULL),(91,91,91,91,'M','1986-06-24','2013-06-30 11:15:01',NULL),(92,92,92,92,'M','1989-02-05','1994-05-12 14:39:15',NULL),(93,93,93,93,'D','2011-10-23','1970-09-06 18:19:00',NULL),(94,94,94,94,'P','2003-11-22','1986-11-09 05:12:13',NULL),(95,95,95,95,'D','2005-07-03','1997-08-17 03:14:59',NULL),(96,96,96,96,'P','2008-08-10','1979-02-27 02:07:58',NULL),(97,97,97,97,'P','1997-11-16','1971-05-11 21:42:36',NULL),(98,98,98,98,'D','1991-01-28','1973-07-13 10:20:29',NULL),(99,99,99,99,'D','1970-08-28','1998-08-11 15:10:32',NULL),(100,100,100,100,'P','1987-10-17','1999-04-29 09:16:11',NULL);
/*!40000 ALTER TABLE `profiles` ENABLE KEYS */;
UNLOCK TABLES;

--
-- Table structure for table `storehouses`
--

DROP TABLE IF EXISTS `storehouses`;
/*!40101 SET @saved_cs_client     = @@character_set_client */;
/*!40101 SET character_set_client = utf8 */;
CREATE TABLE `storehouses` (
  `id` bigint(20) unsigned NOT NULL AUTO_INCREMENT,
  `name` varchar(255) COLLATE utf8mb4_unicode_ci DEFAULT NULL COMMENT '????????',
  `created_at` datetime DEFAULT current_timestamp(),
  `updated_at` datetime DEFAULT current_timestamp() ON UPDATE current_timestamp(),
  PRIMARY KEY (`id`)
) ENGINE=InnoDB AUTO_INCREMENT=11 DEFAULT CHARSET=utf8mb4 COLLATE=utf8mb4_unicode_ci COMMENT='??????';
/*!40101 SET character_set_client = @saved_cs_client */;

--
-- Dumping data for table `storehouses`
--

LOCK TABLES `storehouses` WRITE;
/*!40000 ALTER TABLE `storehouses` DISABLE KEYS */;
INSERT INTO `storehouses` VALUES (1,'Lake Karson','1978-02-23 22:21:44','1985-08-09 22:01:23'),(2,'Port Heatherfort','1983-08-03 19:06:02','1970-04-28 08:15:27'),(3,'Farrellport','2006-03-03 09:07:18','2002-01-20 08:45:39'),(4,'Janachester','1983-04-19 02:24:39','2013-07-23 11:12:26'),(5,'New Catharinemouth','1976-01-08 22:03:19','2019-07-24 22:45:59'),(6,'Flatleyshire','1988-06-09 02:07:03','2014-12-14 22:09:57'),(7,'Hermanside','1987-08-25 14:15:34','1972-12-25 08:36:17'),(8,'Lake Quentinborough','1982-10-07 06:37:29','2003-07-28 10:35:53'),(9,'North Abdiel','1995-11-25 15:16:56','1978-08-20 15:07:20'),(10,'Port Fredymouth','1998-06-08 15:44:36','1989-06-24 07:03:59');
/*!40000 ALTER TABLE `storehouses` ENABLE KEYS */;
UNLOCK TABLES;

--
-- Table structure for table `storehouses_products`
--

DROP TABLE IF EXISTS `storehouses_products`;
/*!40101 SET @saved_cs_client     = @@character_set_client */;
/*!40101 SET character_set_client = utf8 */;
CREATE TABLE `storehouses_products` (
  `id` bigint(20) unsigned NOT NULL AUTO_INCREMENT,
  `storehouse_id` bigint(20) unsigned NOT NULL COMMENT '????? ????????',
  `product_id` bigint(20) unsigned NOT NULL COMMENT '???????? ???????? ???????',
  `value` int(10) unsigned DEFAULT NULL COMMENT '??????? ?? ?????? ?????? ???????',
  `created_at` datetime DEFAULT current_timestamp(),
  `updated_at` datetime DEFAULT current_timestamp() ON UPDATE current_timestamp(),
  PRIMARY KEY (`id`),
  KEY `storehouse_id` (`storehouse_id`),
  KEY `product_id` (`product_id`),
  CONSTRAINT `storehouses_products_ibfk_1` FOREIGN KEY (`storehouse_id`) REFERENCES `storehouses` (`id`),
  CONSTRAINT `storehouses_products_ibfk_2` FOREIGN KEY (`product_id`) REFERENCES `products` (`id`)
) ENGINE=InnoDB AUTO_INCREMENT=101 DEFAULT CHARSET=utf8mb4 COLLATE=utf8mb4_unicode_ci COMMENT='?????? ?? ??????';
/*!40101 SET character_set_client = @saved_cs_client */;

--
-- Dumping data for table `storehouses_products`
--

LOCK TABLES `storehouses_products` WRITE;
/*!40000 ALTER TABLE `storehouses_products` DISABLE KEYS */;
INSERT INTO `storehouses_products` VALUES (1,1,1,NULL,'2021-03-06 00:14:12','1994-03-16 21:51:25'),(2,2,2,NULL,'1999-01-18 04:54:00','2016-12-25 16:35:00'),(3,3,3,NULL,'1999-01-14 04:41:10','1983-11-01 20:59:12'),(4,4,4,NULL,'1970-06-03 14:04:05','1978-05-25 20:38:30'),(5,5,5,NULL,'1982-07-27 12:16:10','1985-04-09 15:20:26'),(6,6,6,NULL,'2003-11-28 23:07:13','2006-02-02 12:03:54'),(7,7,7,NULL,'2008-09-13 02:12:15','1987-02-16 08:35:37'),(8,8,8,NULL,'2000-12-23 06:55:10','1984-02-09 03:11:08'),(9,9,9,NULL,'1977-11-01 23:30:52','1984-11-19 17:04:44'),(10,10,10,NULL,'1976-05-07 21:25:05','2019-01-06 14:27:34'),(11,1,11,NULL,'1975-07-22 19:09:22','2002-04-11 08:12:56'),(12,2,12,NULL,'2006-11-09 17:34:05','1977-01-17 20:02:33'),(13,3,13,NULL,'1985-07-17 04:41:27','1994-11-21 21:00:27'),(14,4,14,NULL,'1978-06-20 14:11:14','2012-08-19 20:12:36'),(15,5,15,NULL,'1971-05-26 14:59:36','1991-08-04 00:16:16'),(16,6,16,NULL,'1972-11-23 02:14:16','1999-11-27 20:46:52'),(17,7,17,NULL,'1980-04-07 18:51:49','1999-12-03 16:23:19'),(18,8,18,NULL,'1993-12-01 13:35:30','2016-09-11 14:09:13'),(19,9,19,NULL,'2019-11-23 01:19:36','2018-08-22 03:38:06'),(20,10,20,NULL,'1984-05-27 04:31:24','1977-02-03 13:40:54'),(21,1,21,NULL,'1980-08-30 06:16:43','1990-06-18 10:22:47'),(22,2,22,NULL,'2014-12-07 00:35:25','2017-03-11 19:41:47'),(23,3,23,NULL,'1974-07-28 10:42:57','1994-08-16 16:07:48'),(24,4,24,NULL,'2009-02-21 19:56:01','1995-12-13 18:03:55'),(25,5,25,NULL,'2009-01-04 02:45:21','1998-09-04 14:52:22'),(26,6,26,NULL,'2004-05-01 14:14:32','2001-05-05 00:49:17'),(27,7,27,NULL,'1978-01-27 21:34:16','1977-12-26 08:59:14'),(28,8,28,NULL,'1991-09-21 13:12:46','1970-12-29 00:24:45'),(29,9,29,NULL,'1984-12-15 06:56:44','2015-06-09 12:55:24'),(30,10,30,NULL,'2011-08-13 09:23:25','1997-02-16 15:31:39'),(31,1,31,NULL,'1996-04-15 22:04:19','2015-07-24 17:36:54'),(32,2,32,NULL,'2005-04-28 06:19:28','2001-09-08 03:08:25'),(33,3,33,NULL,'2021-01-29 16:23:18','2009-06-08 13:44:40'),(34,4,34,NULL,'1979-05-24 03:50:23','1996-01-01 02:56:08'),(35,5,35,NULL,'1980-08-21 18:45:19','2010-02-20 07:27:26'),(36,6,36,NULL,'1987-05-02 14:08:43','1985-10-03 11:16:09'),(37,7,37,NULL,'1997-02-12 17:23:24','1989-10-03 05:47:30'),(38,8,38,NULL,'2006-01-04 16:41:05','1978-03-31 17:08:47'),(39,9,39,NULL,'1994-03-17 12:29:55','1973-08-26 09:41:59'),(40,10,40,NULL,'1987-12-07 03:24:54','2005-08-18 00:12:10'),(41,1,41,NULL,'1973-09-19 16:37:35','2005-01-04 20:06:12'),(42,2,42,NULL,'2002-03-11 17:09:40','1992-06-08 18:59:29'),(43,3,43,NULL,'1979-12-04 12:38:54','1988-08-21 21:34:23'),(44,4,44,NULL,'1995-02-27 21:33:59','2008-11-19 21:08:54'),(45,5,45,NULL,'1990-09-26 13:59:59','2007-01-02 14:26:04'),(46,6,46,NULL,'1992-07-17 22:56:18','1997-11-17 13:47:35'),(47,7,47,NULL,'1982-06-09 20:02:26','1986-02-09 10:06:16'),(48,8,48,NULL,'2006-04-09 01:30:57','2004-09-14 00:58:40'),(49,9,49,NULL,'2014-02-17 07:23:47','2009-03-26 20:00:04'),(50,10,50,NULL,'2013-02-22 18:57:21','2007-09-01 07:50:29'),(51,1,51,NULL,'1979-12-25 07:18:09','2017-03-24 23:14:54'),(52,2,52,NULL,'1979-06-21 13:28:09','1970-06-20 01:24:57'),(53,3,53,NULL,'1990-06-07 02:35:17','1998-12-24 04:29:46'),(54,4,54,NULL,'1993-11-21 14:03:31','1987-12-11 01:52:32'),(55,5,55,NULL,'1982-01-04 17:29:26','2015-03-05 11:09:59'),(56,6,56,NULL,'2003-03-14 09:17:04','2013-07-19 18:36:35'),(57,7,57,NULL,'1978-10-25 10:09:35','2002-10-08 07:29:47'),(58,8,58,NULL,'1979-07-12 21:13:41','1987-10-06 20:13:55'),(59,9,59,NULL,'2012-03-02 18:46:07','1999-06-13 17:34:01'),(60,10,60,NULL,'1993-09-14 19:56:37','2000-01-06 18:33:47'),(61,1,61,NULL,'1982-02-10 19:12:26','2011-07-08 05:39:16'),(62,2,62,NULL,'2007-05-15 05:26:35','2002-10-29 05:05:09'),(63,3,63,NULL,'1999-01-04 14:27:42','1993-08-09 19:28:33'),(64,4,64,NULL,'2016-09-13 02:01:35','2010-06-27 07:55:55'),(65,5,65,NULL,'2000-06-21 15:50:35','1996-10-15 20:09:46'),(66,6,66,NULL,'1970-01-22 09:38:46','1981-04-04 13:58:58'),(67,7,67,NULL,'1979-06-25 02:05:33','2005-10-26 01:29:55'),(68,8,68,NULL,'2002-09-18 13:31:01','1971-09-24 23:47:28'),(69,9,69,NULL,'1986-07-22 05:11:05','2017-02-27 12:50:37'),(70,10,70,NULL,'2010-08-05 23:33:09','1992-03-10 14:08:41'),(71,1,71,NULL,'2002-02-02 20:16:40','1998-01-07 16:21:18'),(72,2,72,NULL,'1975-01-18 04:31:20','1971-09-07 19:15:27'),(73,3,73,NULL,'1993-03-16 14:05:59','2006-08-03 03:31:23'),(74,4,74,NULL,'2000-12-10 09:47:20','1994-06-28 19:34:49'),(75,5,75,NULL,'1990-10-10 21:40:15','1990-09-06 02:53:33'),(76,6,76,NULL,'2001-09-26 17:37:26','1984-12-01 07:25:47'),(77,7,77,NULL,'2001-05-15 21:22:25','2015-12-23 23:25:42'),(78,8,78,NULL,'2012-08-03 11:27:53','1995-09-09 02:02:51'),(79,9,79,NULL,'2000-11-12 02:29:09','1975-03-29 14:32:35'),(80,10,80,NULL,'1977-04-29 12:02:50','2019-11-03 19:26:55'),(81,1,81,NULL,'1990-01-06 16:14:28','1994-01-01 13:19:39'),(82,2,82,NULL,'1978-05-15 06:52:33','1987-06-15 15:13:09'),(83,3,83,NULL,'2000-01-04 21:13:20','2018-01-03 04:23:22'),(84,4,84,NULL,'2013-10-29 23:46:53','1986-05-25 08:31:29'),(85,5,85,NULL,'1993-08-23 17:26:26','2000-10-07 21:16:26'),(86,6,86,NULL,'1989-08-10 20:23:38','2010-07-09 08:24:33'),(87,7,87,NULL,'1976-10-21 21:52:06','1973-01-15 07:03:10'),(88,8,88,NULL,'1987-09-23 04:06:57','1975-05-15 09:50:46'),(89,9,89,NULL,'1977-11-14 17:04:52','2008-05-15 20:39:40'),(90,10,90,NULL,'2001-06-17 06:51:55','2004-02-28 19:01:47'),(91,1,91,NULL,'1999-07-02 09:20:38','2001-02-17 04:47:59'),(92,2,92,NULL,'1981-12-20 23:06:29','1976-07-23 05:41:39'),(93,3,93,NULL,'2002-08-03 16:02:36','1992-05-24 19:49:29'),(94,4,94,NULL,'1986-07-29 04:23:01','2002-01-29 15:02:00'),(95,5,95,NULL,'1980-08-10 05:08:20','2013-12-17 08:02:41'),(96,6,96,NULL,'2013-09-28 19:44:41','1976-01-08 07:08:01'),(97,7,97,NULL,'1980-02-28 18:47:57','1996-05-20 12:29:57'),(98,8,98,NULL,'1972-06-19 18:47:25','1977-04-01 12:16:58'),(99,9,99,NULL,'2009-02-04 16:19:16','1978-10-13 06:15:43'),(100,10,100,NULL,'1994-04-18 11:41:48','1974-11-14 15:29:13');
/*!40000 ALTER TABLE `storehouses_products` ENABLE KEYS */;
UNLOCK TABLES;

--
-- Table structure for table `users`
--

DROP TABLE IF EXISTS `users`;
/*!40101 SET @saved_cs_client     = @@character_set_client */;
/*!40101 SET character_set_client = utf8 */;
CREATE TABLE `users` (
  `id` bigint(20) unsigned NOT NULL AUTO_INCREMENT,
  `name` varchar(255) COLLATE utf8mb4_unicode_ci DEFAULT NULL COMMENT '??? ??????????',
  `email` varchar(120) COLLATE utf8mb4_unicode_ci DEFAULT NULL,
  `password_hash` varchar(100) COLLATE utf8mb4_unicode_ci DEFAULT NULL,
  `phone` bigint(20) unsigned DEFAULT NULL,
  `created_at` datetime DEFAULT current_timestamp(),
  `updated_at` datetime DEFAULT current_timestamp() ON UPDATE current_timestamp(),
  PRIMARY KEY (`id`),
  KEY `index_of_email` (`email`)
) ENGINE=InnoDB AUTO_INCREMENT=101 DEFAULT CHARSET=utf8mb4 COLLATE=utf8mb4_unicode_ci COMMENT='??????????';
/*!40101 SET character_set_client = @saved_cs_client */;

--
-- Dumping data for table `users`
--

LOCK TABLES `users` WRITE;
/*!40000 ALTER TABLE `users` DISABLE KEYS */;
INSERT INTO `users` VALUES (1,'nobis','baylee09@example.org','68690036330372',831388814,'2018-11-06 18:45:37','0000-00-00 00:00:00'),(2,'et','ed\'amore@example.net','47038636216893',861886078,'1985-07-10 13:44:25','0000-00-00 00:00:00'),(3,'non','catherine.reichert@example.org','98432877194136',861540254,'2008-11-27 10:55:48','0000-00-00 00:00:00'),(4,'reiciendis','o\'kon.josiane@example.net','32568473974242',846428669,'1999-05-21 15:58:36','0000-00-00 00:00:00'),(5,'harum','smitham.jarod@example.org','21902747498825',890331599,'2004-10-29 14:44:26','0000-00-00 00:00:00'),(6,'autem','casimir82@example.org','40662626642733',854865207,'2015-10-07 16:30:39','0000-00-00 00:00:00'),(7,'hic','everett57@example.com','88828334538266',893149965,'1994-04-10 12:25:06','0000-00-00 00:00:00'),(8,'rerum','thomas.schmitt@example.com','53317749733105',803330630,'2017-06-27 18:56:13','0000-00-00 00:00:00'),(9,'autem','wmaggio@example.org','56685877637937',810278192,'2010-03-05 19:28:30','0000-00-00 00:00:00'),(10,'voluptas','bahringer.alisha@example.net','18891419330611',876808656,'2007-09-01 17:02:58','0000-00-00 00:00:00'),(11,'sint','tnitzsche@example.org','52252961508929',817240086,'2020-08-23 17:06:50','0000-00-00 00:00:00'),(12,'libero','wondricka@example.net','9189775958657',843247525,'1996-11-26 03:37:48','0000-00-00 00:00:00'),(13,'autem','harvey.chanel@example.org','90103105874732',889043998,'1982-09-20 07:07:59','0000-00-00 00:00:00'),(14,'ut','lspinka@example.org','96543407859280',818256906,'1973-10-28 03:36:41','0000-00-00 00:00:00'),(15,'delectus','cheidenreich@example.net','8403547992929',880619891,'1986-12-06 16:59:52','0000-00-00 00:00:00'),(16,'aut','kris.margie@example.org','928292330354',850827188,'2017-03-23 09:16:57','0000-00-00 00:00:00'),(17,'aspernatur','stacey93@example.org','78720400715246',887196712,'2014-07-08 19:43:43','0000-00-00 00:00:00'),(18,'debitis','ddickinson@example.net','71901983395218',891059122,'1972-03-22 10:38:10','0000-00-00 00:00:00'),(19,'et','reichel.aurore@example.com','54775802651420',820692161,'1989-05-28 04:09:40','0000-00-00 00:00:00'),(20,'sunt','mstoltenberg@example.org','17813064018264',868971558,'1972-01-15 23:21:43','0000-00-00 00:00:00'),(21,'ut','hills.lenna@example.net','11579962680116',838002276,'1977-03-03 09:24:12','0000-00-00 00:00:00'),(22,'aut','daphne70@example.net','2282946975901',825267065,'1999-02-15 16:55:19','0000-00-00 00:00:00'),(23,'incidunt','breitenberg.kendall@example.com','10756896995007',840378506,'1973-01-01 22:41:10','0000-00-00 00:00:00'),(24,'quibusdam','xrussel@example.com','50966645497828',898368255,'1993-05-08 04:50:02','0000-00-00 00:00:00'),(25,'nihil','jonathon.rowe@example.com','53184572886675',830216514,'2000-06-06 09:21:52','0000-00-00 00:00:00'),(26,'reprehenderit','noemi.pouros@example.com','59050268027931',812659205,'1984-02-05 03:27:07','0000-00-00 00:00:00'),(27,'natus','ccormier@example.org','10714996326714',843966702,'1984-01-10 08:53:00','0000-00-00 00:00:00'),(28,'cumque','ladarius.kautzer@example.org','75933179538697',859602441,'1978-08-27 02:29:53','0000-00-00 00:00:00'),(29,'quisquam','aida.moen@example.org','53358905063942',888185090,'1973-12-24 21:47:47','0000-00-00 00:00:00'),(30,'veniam','scotty03@example.org','54933557892218',833297298,'1990-10-23 21:44:14','0000-00-00 00:00:00'),(31,'quam','christa45@example.com','61730273719877',811190641,'1996-04-29 09:10:09','0000-00-00 00:00:00'),(32,'magni','hyatt.lukas@example.org','13531384896486',801596292,'2006-11-25 22:38:17','0000-00-00 00:00:00'),(33,'necessitatibus','ettie.wisoky@example.net','9816035674884',813050062,'1996-08-13 11:51:45','0000-00-00 00:00:00'),(34,'sed','claire.stroman@example.net','4550944734364',819790546,'1981-01-04 04:15:35','0000-00-00 00:00:00'),(35,'sint','jacklyn11@example.net','23857178352773',849096899,'2001-09-17 22:07:51','0000-00-00 00:00:00'),(36,'similique','kristin.blick@example.net','67155134631320',829831240,'1970-04-26 01:31:47','0000-00-00 00:00:00'),(37,'nam','ismael13@example.org','29089114954695',880648948,'2015-08-16 08:33:12','0000-00-00 00:00:00'),(38,'quis','angel.feil@example.net','5951409740373',847649067,'1997-11-12 14:59:38','0000-00-00 00:00:00'),(39,'maiores','tmurray@example.net','60600602021440',835551383,'1970-01-03 10:43:52','0000-00-00 00:00:00'),(40,'corporis','freichel@example.com','88410102250054',826243108,'2016-01-03 22:52:19','0000-00-00 00:00:00'),(41,'doloribus','weissnat.odessa@example.net','98712005792185',807233265,'2002-07-06 19:38:49','0000-00-00 00:00:00'),(42,'ex','margaretta.sipes@example.org','32399528939276',831919567,'1970-03-29 12:38:38','0000-00-00 00:00:00'),(43,'nemo','hschaden@example.org','86901437491178',845737105,'1974-04-01 19:00:13','0000-00-00 00:00:00'),(44,'ab','giovanny.stamm@example.com','19893077528104',801590751,'1971-10-26 16:33:33','0000-00-00 00:00:00'),(45,'non','emma.volkman@example.net','4492829367518',879296925,'2011-07-29 12:36:41','0000-00-00 00:00:00'),(46,'aut','strantow@example.net','14744642749428',888159118,'2005-10-29 06:02:33','0000-00-00 00:00:00'),(47,'itaque','queenie.yost@example.com','55538617167621',855746716,'2010-06-12 07:39:13','0000-00-00 00:00:00'),(48,'alias','eleazar27@example.org','33153692446649',885896345,'2003-10-08 10:23:18','0000-00-00 00:00:00'),(49,'deserunt','rowe.miracle@example.org','82666949508711',851526855,'1981-10-20 19:59:53','0000-00-00 00:00:00'),(50,'odit','twintheiser@example.net','20741647016257',873915209,'2018-11-05 15:01:38','0000-00-00 00:00:00'),(51,'et','bethany.wisozk@example.org','74040087219327',888975863,'1971-08-31 10:15:05','0000-00-00 00:00:00'),(52,'sit','elna53@example.org','18258704524487',803883548,'1988-05-19 19:45:59','0000-00-00 00:00:00'),(53,'quam','daphney.spinka@example.org','46897275140509',809464048,'1971-10-29 19:10:34','0000-00-00 00:00:00'),(54,'quo','kblick@example.com','38601872511208',898686438,'1984-08-11 19:22:48','0000-00-00 00:00:00'),(55,'asperiores','coty85@example.com','6061379471793',865136104,'1985-03-05 06:48:51','0000-00-00 00:00:00'),(56,'impedit','kelvin77@example.net','81326008681207',801100718,'2006-06-08 05:31:03','0000-00-00 00:00:00'),(57,'dolor','rarmstrong@example.com','38493627076968',898850791,'2015-12-20 04:46:28','0000-00-00 00:00:00'),(58,'aut','lbergnaum@example.com','23835104517638',826880061,'1998-07-03 23:04:18','0000-00-00 00:00:00'),(59,'corrupti','davonte.kuphal@example.net','46651608450338',856352110,'1977-03-09 06:07:09','0000-00-00 00:00:00'),(60,'quasi','deron.mohr@example.com','39572697132825',897690083,'2008-02-09 05:31:29','0000-00-00 00:00:00'),(61,'sit','little.bernie@example.com','88890264369547',882019070,'2000-11-03 13:53:25','0000-00-00 00:00:00'),(62,'ea','ambrose.miller@example.com','23025452578440',828874364,'1998-03-18 22:02:51','0000-00-00 00:00:00'),(63,'blanditiis','cturner@example.org','80007502017542',805362153,'2018-08-29 14:31:24','0000-00-00 00:00:00'),(64,'sint','jake.barrows@example.net','47599952016025',805509651,'2012-12-29 07:42:53','0000-00-00 00:00:00'),(65,'molestias','emmanuel.dickens@example.net','81671404838562',875776603,'2007-09-20 15:42:37','0000-00-00 00:00:00'),(66,'a','jovani05@example.com','2757302578538',862400015,'1987-10-22 21:39:59','0000-00-00 00:00:00'),(67,'et','jocelyn10@example.net','651335623115',856452041,'2010-11-13 06:58:59','0000-00-00 00:00:00'),(68,'aut','shanel.bosco@example.org','43104353174567',869302678,'1987-01-21 06:45:02','0000-00-00 00:00:00'),(69,'dignissimos','yost.benedict@example.net','26474567875266',840748402,'2007-11-03 17:19:50','0000-00-00 00:00:00'),(70,'delectus','russel.frederic@example.net','67121808370575',871173115,'2003-04-02 16:46:17','0000-00-00 00:00:00'),(71,'natus','domenick.metz@example.com','33034155052155',894642924,'1993-07-30 01:52:49','0000-00-00 00:00:00'),(72,'et','jarred.swift@example.net','76112062018364',828742248,'1982-10-05 21:34:04','0000-00-00 00:00:00'),(73,'exercitationem','kovacek.mavis@example.org','4703946644440',826307453,'1997-08-01 08:22:36','0000-00-00 00:00:00'),(74,'est','daphney.zulauf@example.org','92092090519145',895439860,'1989-04-09 23:17:46','0000-00-00 00:00:00'),(75,'quis','ruben.luettgen@example.org','5205058911815',885201265,'1990-06-14 09:06:44','0000-00-00 00:00:00'),(76,'vel','johnny.weissnat@example.org','9417573874816',846864629,'1991-05-19 18:13:52','0000-00-00 00:00:00'),(77,'repellendus','gerda40@example.com','94159919023513',892449797,'1972-05-25 17:01:37','0000-00-00 00:00:00'),(78,'id','o\'connell.elijah@example.org','55650026351213',819224310,'1994-03-10 12:04:06','0000-00-00 00:00:00'),(79,'ipsam','kertzmann.maxime@example.net','10291951475664',861187983,'2016-05-25 09:41:31','0000-00-00 00:00:00'),(80,'sunt','banderson@example.org','55235325638204',872826648,'1970-06-16 15:19:41','0000-00-00 00:00:00'),(81,'vero','dleannon@example.com','87487322697415',872107155,'2008-05-16 22:02:38','0000-00-00 00:00:00'),(82,'qui','herbert.o\'reilly@example.net','23698081634938',804844049,'2012-11-07 03:51:04','0000-00-00 00:00:00'),(83,'ullam','wromaguera@example.net','15953016886487',880838522,'1990-03-22 02:37:04','0000-00-00 00:00:00'),(84,'est','zweimann@example.net','64776066737249',857754990,'1998-08-18 23:46:20','0000-00-00 00:00:00'),(85,'voluptatibus','aglae92@example.net','22095314785838',823154572,'1983-08-25 13:34:01','0000-00-00 00:00:00'),(86,'unde','boyer.brannon@example.net','87222949648275',811419656,'1989-09-15 20:32:06','0000-00-00 00:00:00'),(87,'doloremque','zula.hudson@example.net','81470864126458',815628817,'1994-09-06 09:06:46','0000-00-00 00:00:00'),(88,'sunt','clara.fahey@example.net','74996715458109',800835845,'2018-02-10 11:57:59','0000-00-00 00:00:00'),(89,'consequuntur','tpfannerstill@example.net','40188923990353',844890723,'1973-07-07 02:51:06','0000-00-00 00:00:00'),(90,'dicta','leuschke.declan@example.net','50718284444883',878157745,'1987-05-04 16:01:45','0000-00-00 00:00:00'),(91,'odio','clemke@example.com','88798915455117',893255957,'1991-07-20 21:57:42','0000-00-00 00:00:00'),(92,'non','hammes.cornell@example.com','14390167221426',899432195,'1993-09-07 17:43:29','0000-00-00 00:00:00'),(93,'ipsam','green74@example.com','21438454417511',828689617,'1977-09-20 03:25:39','0000-00-00 00:00:00'),(94,'vel','nader.matt@example.com','19045662740245',819193657,'1975-08-04 22:31:03','0000-00-00 00:00:00'),(95,'velit','cleta.grant@example.net','94636533642187',808030958,'1991-04-22 08:30:56','0000-00-00 00:00:00'),(96,'eum','rupert54@example.net','52750916266813',844533861,'2003-09-05 04:22:23','0000-00-00 00:00:00'),(97,'adipisci','barrows.josiah@example.com','23280002456158',811452083,'2019-01-10 12:00:14','0000-00-00 00:00:00'),(98,'fugiat','eheathcote@example.org','26566161867231',892621086,'1971-12-06 06:18:53','0000-00-00 00:00:00'),(99,'ut','pacocha.jovany@example.net','77238788222894',800664135,'1986-01-16 18:31:03','0000-00-00 00:00:00'),(100,'necessitatibus','ihilpert@example.net','53906263178214',816119810,'1997-10-05 03:27:06','0000-00-00 00:00:00');
/*!40000 ALTER TABLE `users` ENABLE KEYS */;
UNLOCK TABLES;
/*!40103 SET TIME_ZONE=@OLD_TIME_ZONE */;

/*!40101 SET SQL_MODE=@OLD_SQL_MODE */;
/*!40014 SET FOREIGN_KEY_CHECKS=@OLD_FOREIGN_KEY_CHECKS */;
/*!40014 SET UNIQUE_CHECKS=@OLD_UNIQUE_CHECKS */;
/*!40101 SET CHARACTER_SET_CLIENT=@OLD_CHARACTER_SET_CLIENT */;
/*!40101 SET CHARACTER_SET_RESULTS=@OLD_CHARACTER_SET_RESULTS */;
/*!40101 SET COLLATION_CONNECTION=@OLD_COLLATION_CONNECTION */;
/*!40111 SET SQL_NOTES=@OLD_SQL_NOTES */;

-- Dump completed on 2021-04-02  8:19:54
